-- phpMyAdmin SQL Dump
-- version 4.5.1
-- http://www.phpmyadmin.net
--
-- Host: 127.0.0.1
-- Generation Time: Dec 27, 2016 at 08:16 AM
-- Server version: 10.1.13-MariaDB
-- PHP Version: 7.0.6

SET SQL_MODE = "NO_AUTO_VALUE_ON_ZERO";
SET time_zone = "+00:00";


/*!40101 SET @OLD_CHARACTER_SET_CLIENT=@@CHARACTER_SET_CLIENT */;
/*!40101 SET @OLD_CHARACTER_SET_RESULTS=@@CHARACTER_SET_RESULTS */;
/*!40101 SET @OLD_COLLATION_CONNECTION=@@COLLATION_CONNECTION */;
/*!40101 SET NAMES utf8mb4 */;

--
-- Database: `sukan`
--

-- --------------------------------------------------------

--
-- Table structure for table `acara`
--

CREATE TABLE `acara` (
  `id` int(10) UNSIGNED NOT NULL,
  `nama` varchar(255) COLLATE utf8_unicode_ci NOT NULL,
  `limit` int(11) NOT NULL
) ENGINE=InnoDB DEFAULT CHARSET=utf8 COLLATE=utf8_unicode_ci;

--
-- Dumping data for table `acara`
--

INSERT INTO `acara` (`id`, `nama`, `limit`) VALUES
(1, 'BADMINTON (BERPASUKAN)', 15),
(2, 'BATU SEREMBAN (W)', 7),
(3, 'BOLA JARING (W)', 12),
(4, 'BOLA SEPAK (L)', 24),
(5, 'BOLA TAMPAR (L)', 14),
(6, 'CONGKAK', 7),
(7, 'DART (BERPASUKAN)', 10),
(8, 'FUTSAL LELAKI (VETERAN)', 12),
(9, 'GOLF', 5),
(10, 'KAROM (BERPASUKAN)', 12),
(11, 'LARIAN KAMPUS', 16),
(12, 'PERBARISAN KONTINJEN', 100),
(13, 'PING PONG (BERPASUKAN)', 15),
(14, 'SEPAK TAKRAW (L)', 14),
(15, 'TARIKH TALI (L)', 12),
(16, 'PERSEMBAHAN', 15),
(17, 'BOLA TAMPAR (W)', 14),
(18, 'MENEMBAK', 4),
(19, 'BOLING PADANG', 10),
(20, '10 PIN BOLING', 10),
(21, 'PROGRAM KECERDASAN', 10);

-- --------------------------------------------------------

--
-- Table structure for table `acara_peserta`
--

CREATE TABLE `acara_peserta` (
  `id` int(10) UNSIGNED NOT NULL,
  `acara_id` int(10) UNSIGNED NOT NULL,
  `peserta_id` int(10) UNSIGNED NOT NULL
) ENGINE=InnoDB DEFAULT CHARSET=utf8 COLLATE=utf8_unicode_ci;

--
-- Dumping data for table `acara_peserta`
--

INSERT INTO `acara_peserta` (`id`, `acara_id`, `peserta_id`) VALUES
(2, 18, 2),
(3, 18, 3),
(4, 9, 4),
(5, 9, 5),
(6, 9, 6),
(7, 9, 7),
(8, 9, 8),
(9, 1, 9),
(10, 1, 10),
(11, 18, 1),
(12, 1, 11),
(13, 3, 12),
(14, 1, 13),
(15, 3, 14),
(16, 1, 15),
(17, 3, 16),
(18, 1, 17),
(19, 3, 18),
(20, 1, 19),
(21, 3, 20),
(22, 1, 21),
(25, 1, 24),
(26, 3, 25),
(29, 3, 28),
(30, 1, 29),
(31, 3, 30),
(32, 1, 31),
(33, 1, 32),
(34, 3, 33),
(35, 3, 34),
(36, 13, 35),
(37, 13, 36),
(38, 13, 37),
(39, 13, 38),
(40, 13, 39),
(41, 13, 40),
(42, 14, 41),
(43, 13, 42),
(46, 19, 45),
(47, 13, 46),
(48, 19, 47),
(49, 6, 48),
(50, 19, 49),
(51, 6, 50),
(52, 19, 51),
(53, 6, 52),
(54, 19, 53),
(55, 6, 54),
(57, 19, 56),
(58, 6, 57),
(59, 19, 58),
(60, 6, 59),
(61, 19, 60),
(62, 19, 43),
(63, 13, 43),
(64, 11, 61),
(65, 17, 62),
(66, 11, 63),
(67, 14, 64),
(68, 17, 65),
(69, 1, 26),
(70, 17, 26),
(71, 17, 66),
(75, 17, 68),
(76, 3, 23),
(77, 17, 23),
(82, 3, 22),
(83, 17, 22),
(84, 11, 22),
(85, 1, 27),
(86, 17, 27),
(87, 11, 70),
(88, 17, 71),
(89, 17, 72),
(91, 2, 74),
(92, 2, 75),
(94, 2, 77),
(96, 2, 79),
(97, 20, 80),
(98, 2, 81),
(100, 2, 83),
(102, 10, 85),
(103, 20, 86),
(106, 10, 88),
(107, 10, 89),
(108, 10, 90),
(109, 10, 91),
(110, 10, 92),
(111, 20, 87),
(112, 10, 93),
(113, 10, 94),
(114, 10, 95),
(115, 10, 96),
(116, 10, 97),
(117, 10, 98),
(118, 8, 99),
(119, 8, 100),
(120, 14, 101),
(121, 8, 102),
(122, 14, 103),
(123, 8, 69),
(124, 11, 69),
(125, 14, 104),
(126, 8, 105),
(127, 14, 106),
(129, 10, 108),
(130, 14, 109),
(131, 14, 110),
(132, 14, 111),
(133, 8, 112),
(134, 8, 113),
(135, 14, 114),
(136, 8, 115),
(137, 14, 116),
(138, 8, 117),
(139, 8, 118),
(140, 14, 119),
(141, 5, 121),
(142, 14, 122),
(143, 5, 123),
(144, 5, 124),
(145, 5, 125),
(146, 5, 126),
(147, 20, 78),
(148, 5, 78),
(149, 5, 127),
(150, 5, 128),
(151, 5, 129),
(152, 5, 130),
(153, 5, 131),
(154, 20, 76),
(155, 20, 82),
(156, 20, 84),
(157, 19, 55),
(162, 11, 67),
(164, 4, 134),
(165, 4, 135),
(166, 4, 136),
(167, 4, 137),
(168, 4, 138),
(169, 4, 139),
(170, 4, 140),
(171, 13, 132),
(172, 14, 132),
(173, 10, 141),
(174, 10, 142),
(175, 14, 143),
(176, 15, 144),
(178, 9, 146),
(179, 9, 147),
(180, 1, 145),
(181, 9, 145),
(182, 9, 148),
(183, 1, 149),
(189, 1, 155),
(190, 1, 156),
(191, 1, 157),
(192, 1, 158),
(193, 1, 159),
(194, 1, 160),
(195, 1, 161),
(196, 1, 162),
(197, 1, 163),
(198, 1, 164),
(199, 1, 165),
(200, 1, 166),
(201, 2, 167),
(202, 2, 168),
(203, 2, 169),
(204, 2, 170),
(205, 2, 171),
(206, 2, 172),
(207, 3, 173),
(208, 4, 174),
(209, 4, 175),
(210, 3, 176),
(211, 4, 177),
(212, 3, 178),
(213, 4, 179),
(214, 5, 180),
(215, 3, 181),
(216, 4, 182),
(217, 5, 183),
(218, 3, 184),
(219, 4, 185),
(220, 3, 186),
(221, 4, 187),
(222, 3, 188),
(223, 4, 189),
(224, 3, 190),
(225, 4, 191),
(226, 5, 192),
(227, 3, 193),
(228, 4, 194),
(229, 3, 195),
(230, 5, 196),
(231, 4, 197),
(232, 3, 198),
(233, 4, 199),
(234, 5, 200),
(235, 5, 201),
(236, 4, 202),
(237, 6, 203),
(238, 5, 204),
(239, 6, 205),
(240, 4, 206),
(241, 5, 207),
(242, 6, 208),
(243, 4, 209),
(244, 5, 210),
(245, 4, 211),
(247, 8, 213),
(249, 4, 214),
(250, 8, 215),
(251, 6, 212),
(252, 4, 216),
(253, 8, 217),
(254, 4, 218),
(255, 8, 219),
(256, 6, 220),
(257, 8, 221),
(258, 8, 222),
(259, 6, 223),
(260, 8, 224),
(261, 10, 225),
(262, 8, 226),
(263, 8, 227),
(264, 7, 228),
(265, 10, 229),
(266, 7, 230),
(267, 10, 231),
(269, 10, 233),
(270, 10, 234),
(271, 7, 235),
(272, 10, 236),
(273, 10, 237),
(275, 11, 239),
(276, 10, 240),
(277, 7, 241),
(278, 11, 242),
(279, 10, 243),
(280, 7, 244),
(281, 11, 245),
(282, 10, 246),
(283, 11, 247),
(284, 10, 248),
(285, 11, 249),
(286, 13, 250),
(287, 11, 251),
(288, 13, 252),
(289, 14, 253),
(290, 11, 254),
(291, 11, 255),
(292, 13, 256),
(293, 14, 257),
(294, 13, 258),
(295, 11, 259),
(296, 14, 260),
(297, 11, 261),
(298, 13, 262),
(299, 14, 263),
(300, 11, 264),
(301, 13, 265),
(302, 14, 266),
(303, 11, 267),
(304, 13, 268),
(305, 14, 269),
(306, 13, 270),
(307, 11, 271),
(308, 13, 272),
(309, 11, 273),
(310, 14, 274),
(311, 13, 275),
(312, 14, 276),
(313, 11, 277),
(314, 13, 278),
(315, 14, 279),
(316, 14, 280),
(317, 14, 281),
(318, 14, 282),
(319, 14, 283),
(324, 9, 285),
(326, 9, 287),
(329, 9, 284),
(341, 20, 295),
(342, 3, 295),
(343, 6, 295),
(344, 10, 295),
(346, 8, 298),
(347, 13, 298),
(351, 3, 300),
(352, 1, 301),
(353, 3, 301),
(354, 2, 302),
(355, 16, 303),
(357, 7, 305),
(358, 7, 306),
(362, 7, 310),
(366, 2, 312),
(367, 20, 313),
(368, 7, 308),
(373, 2, 317),
(376, 4, 320),
(378, 4, 322),
(380, 4, 324),
(382, 4, 326),
(383, 7, 327),
(384, 4, 328),
(385, 4, 329),
(386, 4, 330),
(387, 4, 331),
(388, 4, 332),
(389, 4, 333),
(390, 4, 334),
(392, 4, 336),
(393, 4, 337),
(395, 4, 339),
(396, 3, 340),
(397, 3, 341),
(398, 3, 342),
(399, 3, 343),
(400, 3, 344),
(402, 20, 294),
(408, 3, 345),
(409, 10, 345),
(410, 3, 346),
(411, 3, 347),
(412, 3, 348),
(413, 3, 349),
(419, 4, 323),
(420, 11, 323),
(421, 4, 321),
(422, 11, 321),
(423, 20, 289),
(424, 9, 289),
(425, 11, 353),
(426, 15, 353),
(427, 20, 296),
(428, 11, 351),
(429, 13, 351),
(430, 20, 290),
(431, 11, 350),
(432, 2, 316),
(433, 8, 354),
(434, 11, 354),
(435, 7, 309),
(436, 7, 311),
(437, 8, 355),
(438, 11, 355),
(439, 2, 318),
(440, 2, 319),
(441, 2, 315),
(442, 11, 356),
(443, 20, 291),
(444, 11, 291),
(446, 11, 358),
(447, 11, 359),
(448, 11, 360),
(449, 20, 293),
(450, 11, 293),
(451, 8, 361),
(452, 8, 362),
(453, 8, 363),
(454, 8, 364),
(455, 7, 304),
(456, 20, 292),
(457, 8, 365),
(458, 8, 366),
(459, 8, 367),
(460, 8, 368),
(461, 14, 369),
(462, 14, 370),
(463, 14, 371),
(464, 14, 372),
(465, 14, 373),
(466, 14, 374),
(467, 14, 375),
(468, 14, 376),
(469, 14, 377),
(470, 14, 378),
(471, 14, 379),
(472, 4, 338),
(473, 14, 380),
(474, 14, 381),
(477, 4, 133),
(478, 17, 73),
(479, 13, 73),
(481, 5, 385),
(482, 15, 385),
(483, 4, 386),
(484, 8, 386),
(485, 4, 387),
(486, 5, 387),
(488, 15, 389),
(489, 4, 390),
(490, 1, 391),
(491, 5, 391),
(492, 14, 391),
(493, 4, 392),
(494, 7, 392),
(495, 15, 392),
(496, 1, 393),
(497, 10, 394),
(498, 18, 395),
(499, 20, 396),
(500, 14, 396),
(501, 7, 397),
(502, 13, 398),
(503, 7, 399),
(504, 4, 400),
(505, 11, 400),
(506, 14, 400),
(507, 4, 401),
(508, 20, 402),
(509, 1, 402),
(510, 13, 402),
(511, 14, 402),
(512, 8, 403),
(513, 15, 403),
(514, 4, 404),
(515, 4, 405),
(516, 5, 405),
(517, 7, 406),
(518, 12, 406),
(519, 4, 407),
(520, 12, 407),
(521, 10, 408),
(522, 12, 408),
(523, 13, 408),
(524, 4, 409),
(525, 12, 409),
(526, 2, 410),
(527, 17, 410),
(528, 12, 410),
(529, 2, 411),
(530, 12, 411),
(531, 2, 412),
(532, 3, 413),
(533, 17, 413),
(534, 12, 413),
(535, 16, 413),
(536, 10, 414),
(537, 12, 414),
(538, 1, 415),
(539, 8, 415),
(540, 18, 415),
(541, 12, 415),
(542, 13, 415),
(543, 5, 416),
(544, 12, 416),
(545, 15, 416),
(546, 7, 417),
(547, 12, 417),
(548, 7, 418),
(549, 12, 418),
(550, 1, 419),
(551, 4, 419),
(552, 12, 419),
(553, 20, 420),
(554, 11, 420),
(555, 12, 420),
(556, 3, 421),
(557, 6, 421),
(558, 12, 421),
(559, 10, 422),
(560, 12, 422),
(561, 14, 422),
(562, 8, 423),
(563, 11, 423),
(564, 8, 424),
(565, 15, 424),
(569, 10, 388),
(570, 12, 388),
(571, 21, 388),
(572, 5, 425),
(573, 17, 426),
(574, 5, 427),
(575, 12, 427),
(576, 3, 428),
(577, 11, 428),
(578, 12, 428),
(579, 13, 428),
(580, 4, 429),
(581, 8, 429),
(582, 15, 429),
(586, 17, 431),
(587, 6, 431),
(588, 12, 431),
(589, 1, 432),
(590, 12, 432),
(591, 21, 432),
(592, 3, 433),
(593, 11, 433),
(594, 12, 433),
(595, 3, 434),
(596, 6, 434),
(597, 11, 434),
(598, 12, 434),
(599, 1, 435),
(600, 12, 435),
(601, 21, 435),
(602, 20, 436),
(603, 12, 436),
(604, 16, 436),
(605, 6, 437),
(606, 12, 437),
(607, 16, 437),
(608, 17, 438),
(609, 12, 438),
(610, 21, 438),
(614, 11, 440),
(615, 12, 440),
(616, 21, 440),
(620, 4, 442),
(621, 12, 442),
(622, 21, 442),
(623, 10, 443),
(624, 12, 443),
(625, 13, 443),
(626, 8, 444),
(627, 12, 444),
(628, 21, 444),
(629, 15, 444),
(630, 2, 445),
(631, 12, 445),
(632, 21, 445),
(633, 4, 446),
(634, 11, 446),
(635, 12, 446),
(636, 21, 446),
(637, 4, 447),
(638, 12, 447),
(639, 21, 447),
(640, 12, 448),
(641, 21, 448),
(642, 14, 448),
(643, 4, 449),
(644, 12, 449),
(645, 21, 449),
(649, 6, 451),
(650, 12, 451),
(651, 21, 451),
(652, 1, 452),
(653, 12, 452),
(654, 21, 452),
(655, 4, 453),
(656, 12, 453),
(657, 21, 453),
(658, 16, 454),
(659, 17, 455),
(660, 12, 455),
(661, 21, 455),
(665, 4, 457),
(666, 5, 457),
(667, 12, 457),
(668, 21, 457),
(669, 1, 439),
(670, 12, 439),
(671, 21, 439),
(672, 4, 456),
(673, 12, 456),
(674, 15, 456),
(675, 10, 458),
(676, 12, 458),
(677, 4, 459),
(678, 21, 459),
(679, 3, 460),
(680, 12, 460),
(681, 17, 461),
(682, 11, 461),
(683, 12, 461),
(687, 12, 463),
(688, 15, 463),
(689, 3, 450),
(690, 17, 450),
(691, 12, 450),
(692, 12, 464),
(693, 14, 464),
(694, 11, 465),
(695, 12, 465),
(696, 14, 465),
(697, 20, 430),
(698, 10, 430),
(699, 12, 430),
(700, 20, 462),
(701, 17, 462),
(702, 12, 462),
(703, 16, 462),
(704, 3, 466),
(705, 12, 466),
(706, 11, 467),
(707, 18, 468),
(708, 12, 469),
(709, 14, 469),
(710, 8, 470),
(711, 7, 471),
(712, 12, 471),
(713, 2, 472),
(714, 12, 472),
(715, 16, 472),
(716, 5, 473),
(717, 12, 473),
(718, 16, 473),
(719, 2, 314),
(720, 5, 474),
(721, 5, 475),
(722, 5, 476),
(723, 5, 477),
(724, 5, 478),
(725, 5, 479),
(726, 5, 480),
(727, 5, 481),
(728, 12, 482),
(729, 13, 482),
(730, 17, 483),
(731, 17, 484),
(732, 19, 484),
(735, 17, 487),
(736, 17, 486),
(737, 1, 488),
(738, 17, 488),
(739, 12, 488),
(740, 17, 489),
(741, 12, 384),
(742, 13, 384),
(743, 17, 490),
(744, 17, 491),
(745, 17, 492),
(747, 19, 494),
(748, 19, 495),
(749, 19, 496),
(750, 19, 497),
(751, 12, 498),
(752, 13, 498),
(753, 19, 499),
(754, 19, 500),
(755, 4, 501),
(756, 15, 502),
(757, 15, 503),
(758, 15, 504),
(759, 15, 505),
(760, 15, 506),
(761, 15, 507),
(762, 15, 508),
(763, 15, 509),
(764, 15, 510),
(765, 3, 441),
(766, 11, 441),
(767, 12, 441),
(768, 6, 511),
(769, 6, 512),
(770, 6, 513),
(771, 6, 514),
(772, 6, 515),
(773, 6, 516),
(775, 13, 518),
(776, 13, 519),
(777, 13, 520),
(778, 13, 521),
(779, 13, 522),
(780, 13, 523),
(781, 5, 382),
(782, 16, 382),
(783, 13, 524),
(784, 13, 525),
(785, 13, 517),
(787, 10, 527),
(789, 10, 529),
(790, 10, 530),
(791, 10, 531),
(792, 10, 532),
(793, 10, 533),
(795, 10, 535),
(796, 8, 536),
(797, 12, 536),
(798, 19, 537),
(799, 1, 538),
(800, 12, 538),
(801, 5, 383),
(802, 16, 383),
(803, 10, 534),
(804, 16, 534),
(805, 11, 357),
(806, 16, 357),
(808, 9, 540),
(814, 5, 545),
(815, 12, 545),
(820, 8, 107),
(822, 16, 539),
(823, 16, 541),
(824, 16, 542),
(825, 16, 543),
(826, 16, 548),
(827, 16, 547),
(828, 16, 546),
(829, 16, 544),
(830, 4, 335),
(831, 10, 528),
(832, 11, 549),
(833, 4, 325),
(834, 10, 526),
(835, 11, 352),
(836, 15, 352),
(837, 7, 307),
(838, 17, 485),
(839, 17, 493),
(843, 1, 550),
(844, 4, 550),
(845, 11, 550),
(846, 12, 550),
(847, 20, 551),
(848, 9, 552);

-- --------------------------------------------------------

--
-- Table structure for table `agensi`
--

CREATE TABLE `agensi` (
  `id` int(10) UNSIGNED NOT NULL,
  `nama` varchar(255) COLLATE utf8_unicode_ci NOT NULL,
  `kod` varchar(255) COLLATE utf8_unicode_ci NOT NULL,
  `kod2` varchar(255) COLLATE utf8_unicode_ci NOT NULL
) ENGINE=InnoDB DEFAULT CHARSET=utf8 COLLATE=utf8_unicode_ci;

--
-- Dumping data for table `agensi`
--

INSERT INTO `agensi` (`id`, `nama`, `kod`, `kod2`) VALUES
(1, 'LEMBAGA KEMAJUAN PERTANIAN MUDA', 'MADA', 'M'),
(2, 'LEMBAGA KEMAJUAN PERTANIAN KEMUBU', 'KADA', 'K'),
(3, 'MARDI', 'MARDI', 'D'),
(4, 'JABATAN PERTANIAN', 'DOA', 'A'),
(5, 'JABATAN PERIKANAN', 'DOF', 'R'),
(6, 'FAMA', 'FAMA', 'F'),
(7, 'LKIM', 'LKIM', 'L'),
(8, 'LEMBAGA PERTUBUHAN PELADANG', 'LPP', 'P'),
(9, 'TEKUN', 'TEKUN', 'T'),
(10, 'JABATAN PERKHIDMATAN VETERINAR', 'DVS', 'V'),
(11, 'AGRO BANK', 'AGROBANK', 'B'),
(12, 'KEMENTERIAN PERTANIAN MALAYSIA', 'MOA', 'C'),
(13, 'LEMBAGA PERINDUSTRIAN NANAS', 'MPIB', 'N'),
(14, 'MAQIS', 'MAQIS', 'N');

-- --------------------------------------------------------

--
-- Table structure for table `kontinjens`
--

CREATE TABLE `kontinjens` (
  `id` int(10) UNSIGNED NOT NULL,
  `nama` varchar(255) COLLATE utf8_unicode_ci NOT NULL,
  `role` varchar(20) COLLATE utf8_unicode_ci NOT NULL,
  `nokp` varchar(15) COLLATE utf8_unicode_ci NOT NULL,
  `notel` varchar(255) COLLATE utf8_unicode_ci NOT NULL,
  `jantina` varchar(10) COLLATE utf8_unicode_ci NOT NULL,
  `agensi_id` varchar(255) COLLATE utf8_unicode_ci NOT NULL
) ENGINE=InnoDB DEFAULT CHARSET=utf8 COLLATE=utf8_unicode_ci;

--
-- Dumping data for table `kontinjens`
--

INSERT INTO `kontinjens` (`id`, `nama`, `role`, `nokp`, `notel`, `jantina`, `agensi_id`) VALUES
(2, 'ZUL YUSRI BIN ABD AZIZ', 'URUSETIA', '841017-10-5471', '012-9030624', 'LELAKI', '3'),
(3, 'TUAN HJ. AB RAZAK BIN AB MAJID', 'KETUA', '791017145489', '0193896474', 'LELAKI', '6'),
(4, 'EN. FAISAL ISWARDI BIN ISMAIL', 'TIMBALAN', '760308115069', '0126538449', 'LELAKI', '6'),
(7, 'SITI NUR BINTI AHMAD', 'KETUA', '791112095002', '0177001211', 'WANITA', '14'),
(8, 'KHAIRUL IZHAR BIN LAFASA RAIS', 'TIMBALAN', '800110015277', '0133375308', 'LELAKI', '14'),
(9, 'MOHD. HAFIZAN BIN KHALID', 'URUSETIA', '770312015641', '01127583248', 'LELAKI', '14'),
(10, 'DATO DR NORLIZAN BIN MOHD NOOR', 'KETUA', '610805715635', '0176652177', 'LELAKI', '10'),
(11, 'ZULKEFLE BIN  AHMAD', 'TIMBALAN', '630213715613', '0173458462', 'LELAKI', '10'),
(12, 'MOHD SHAIFUL AZALIN BIN KHAMIS', 'URUSETIA', '791023135025', '0172772745', 'LELAKI', '10'),
(13, 'MOHD NAZERI BIN JAMALUDIN', 'URUSETIA', '840413015211', '01133940339', 'LELAKI', '10'),
(14, 'MOHD REDZUAN BIN ISMAIL', 'URUSETIA', '831025015821', '0162340992', 'LELAKI', '10'),
(15, 'JULIANA BT. JAMAL', 'URUSETIA', '811001085026', '0122599738', 'WANITA', '10'),
(16, 'ZANARIAH BT. MOHAMAD NOOR', 'URUSETIA', '811025086226', '0123373263', 'WANITA', '10');

-- --------------------------------------------------------

--
-- Table structure for table `migrations`
--

CREATE TABLE `migrations` (
  `id` int(10) UNSIGNED NOT NULL,
  `migration` varchar(255) COLLATE utf8_unicode_ci NOT NULL,
  `batch` int(11) NOT NULL
) ENGINE=InnoDB DEFAULT CHARSET=utf8 COLLATE=utf8_unicode_ci;

--
-- Dumping data for table `migrations`
--

INSERT INTO `migrations` (`id`, `migration`, `batch`) VALUES
(40, '2014_10_12_000000_create_users_table', 1),
(41, '2014_10_12_100000_create_password_resets_table', 1),
(42, '2016_11_23_060035_create_peserta_table', 1),
(43, '2016_11_23_060335_create_agensi_table', 1),
(44, '2016_11_23_060422_create_acara_table', 1),
(45, '2016_11_24_010807_create_kontinjens_table', 1),
(46, '2016_12_03_145352_create_acara_peserta_table', 1),
(47, '2016_12_06_141945_create_pengesahan_table', 1),
(48, '2016_12_27_023138_create_transaksi_table', 2);

-- --------------------------------------------------------

--
-- Table structure for table `password_resets`
--

CREATE TABLE `password_resets` (
  `email` varchar(255) COLLATE utf8_unicode_ci NOT NULL,
  `token` varchar(255) COLLATE utf8_unicode_ci NOT NULL,
  `created_at` timestamp NULL DEFAULT NULL
) ENGINE=InnoDB DEFAULT CHARSET=utf8 COLLATE=utf8_unicode_ci;

-- --------------------------------------------------------

--
-- Table structure for table `pengesahan`
--

CREATE TABLE `pengesahan` (
  `id` int(10) UNSIGNED NOT NULL,
  `agensi_id` int(11) NOT NULL,
  `status` varchar(255) COLLATE utf8_unicode_ci NOT NULL,
  `created_at` timestamp NULL DEFAULT NULL,
  `updated_at` timestamp NULL DEFAULT NULL
) ENGINE=InnoDB DEFAULT CHARSET=utf8 COLLATE=utf8_unicode_ci;

--
-- Dumping data for table `pengesahan`
--

INSERT INTO `pengesahan` (`id`, `agensi_id`, `status`, `created_at`, `updated_at`) VALUES
(1, 1, 'TIDAK', '2016-12-13 20:46:44', '2016-12-13 20:46:44'),
(2, 2, 'TIDAK', '2016-12-13 20:46:45', '2016-12-13 20:46:45'),
(3, 3, 'TIDAK', '2016-12-13 20:46:45', '2016-12-13 20:46:45'),
(4, 4, 'TIDAK', '2016-12-13 20:46:45', '2016-12-13 20:46:45'),
(5, 5, 'TIDAK', '2016-12-13 20:46:45', '2016-12-13 20:46:45'),
(6, 6, 'TIDAK', '2016-12-13 20:46:45', '2016-12-13 20:46:45'),
(7, 7, 'TIDAK', '2016-12-13 20:46:46', '2016-12-13 20:46:46'),
(8, 8, 'TIDAK', '2016-12-13 20:46:46', '2016-12-13 20:46:46'),
(9, 9, 'TIDAK', '2016-12-13 20:46:46', '2016-12-13 20:46:46'),
(10, 10, 'TIDAK', '2016-12-13 20:46:46', '2016-12-13 20:46:46'),
(11, 11, 'TIDAK', '2016-12-13 20:46:46', '2016-12-13 20:46:46'),
(12, 12, 'TIDAK', '2016-12-13 20:46:46', '2016-12-13 20:46:46'),
(13, 13, 'TIDAK', '2016-12-13 20:46:47', '2016-12-13 20:46:47'),
(14, 14, 'TIDAK', '2016-12-13 20:46:47', '2016-12-13 20:46:47');

-- --------------------------------------------------------

--
-- Table structure for table `peserta`
--

CREATE TABLE `peserta` (
  `id` int(10) UNSIGNED NOT NULL,
  `nama` varchar(255) COLLATE utf8_unicode_ci NOT NULL,
  `nokp` varchar(255) COLLATE utf8_unicode_ci NOT NULL,
  `notel` varchar(255) COLLATE utf8_unicode_ci NOT NULL,
  `jantina` varchar(20) COLLATE utf8_unicode_ci NOT NULL,
  `noPekerja` varchar(20) COLLATE utf8_unicode_ci NOT NULL,
  `tarafJawatan` varchar(20) COLLATE utf8_unicode_ci NOT NULL,
  `gredJawatan` varchar(20) COLLATE utf8_unicode_ci NOT NULL,
  `tarikhLantikan` varchar(255) COLLATE utf8_unicode_ci NOT NULL,
  `vege` varchar(10) COLLATE utf8_unicode_ci NOT NULL,
  `role` varchar(15) COLLATE utf8_unicode_ci NOT NULL,
  `noAtlet` varchar(7) COLLATE utf8_unicode_ci NOT NULL,
  `photo` varchar(255) COLLATE utf8_unicode_ci NOT NULL,
  `agensi_id` int(11) NOT NULL
) ENGINE=InnoDB DEFAULT CHARSET=utf8 COLLATE=utf8_unicode_ci;

--
-- Dumping data for table `peserta`
--

INSERT INTO `peserta` (`id`, `nama`, `nokp`, `notel`, `jantina`, `noPekerja`, `tarafJawatan`, `gredJawatan`, `tarikhLantikan`, `vege`, `role`, `noAtlet`, `photo`, `agensi_id`) VALUES
(1, 'FOUZI BIN ALI', '610425095059', '', 'LELAKI', '2164', 'TETAP', 'JUSA B', '02032985', 'TIDAK', 'PENGURUS', 'M001', 'images/peserta/1481690970-FOUZI BIN ALI.jpg', 1),
(2, 'TN. SYED ZAINUDDIN BIN SYED ZAIN', '630601025411', '', 'LELAKI', '2236', 'TETAP', 'N54', '07011989', 'TIDAK', 'ATLET', 'M002', 'images/peserta/1481691014-TN. SYED ZAINUDDIN BIN SYED ZAIN.jpg', 1),
(3, 'HASWANDI BIN MAHYUDDIN', '820309095049', '', 'LELAKI', '3353', 'TETAP', 'N19', '03082008', 'TIDAK', 'ATLET', 'M003', 'images/peserta/1481691076-HASWANDI BIN MAHYUDDIN.png', 1),
(4, 'SAMSURI BIN SAMSUDIN', '660625025263', '', 'LELAKI', '2339', 'TETAP', 'E41', '01011992', 'TIDAK', 'ATLET', 'M004', 'images/peserta/1481691093-SAMSURI BIN SAMSUDIN.png', 1),
(5, 'RUSLAN ABDUL GHANI BIN AHMAD', '640615025745', '', 'LELAKI', '2334', 'TETAP', 'G52', '01011192', 'TIDAK', 'ATLET', 'M005', 'images/peserta/1481691137-RUSLAN ABDUL GHANI BIN AHMAD.png', 1),
(6, 'DZULKIFLI BIN YAAKOB', '640418025877', '', 'LELAKI', '2261', 'TETAP', 'G52', '01011990', 'TIDAK', 'ATLET', 'M006', 'images/peserta/1481691173-DZULKIFLI BIN YAAKOB.png', 1),
(7, 'EDDI ZAIMEE BIN ROMLI', '780125026213', '', 'LELAKI', '2698', 'TETAP', 'J44', '01012002', 'TIDAK', 'ATLET', 'M007', 'images/peserta/1481691219-EDDI ZAIMEE BIN ROMLI.png', 1),
(8, 'ABU HASSAN BIN JAMAL', '640101016235', '', 'LELAKI', '1917', 'TETAP', 'G29', '01011982', 'TIDAK', 'ATLET', 'M008', 'images/peserta/1481691261-ABU HASSAN BIN JAMAL.png', 1),
(9, 'RUMZI BIN AHMAD', '710615025893', '', 'LELAKI', '2521', 'TETAP', 'E48', '09141995', 'TIDAK', 'ATLET', 'M009', 'images/peserta/1481691348-RUMZI BIN AHMAD.png', 1),
(10, 'MOHD FIRDAUS BIN YAAKOB', '820207025453', '', 'LELAKI', '3246', 'TETAP', 'E44', '21022008', 'TIDAK', 'ATLET', 'M010', 'images/peserta/1481691405-MOHD FIRDAUS BIN YAAKOB.png', 1),
(11, 'AHMAD SUKRI BIN SAAD', '660531025615', '', 'LELAKI', '2241', 'TETAP', 'J52', '02051990', 'TIDAK', 'ATLET', 'M011', 'images/peserta/1481691522-AHMAD SUKRI BIN SAAD.png', 1),
(12, 'NORAZALIAH BINTI PISSAL', '740501025526', '', 'WANITA', '2417', 'TETAP', 'N17', '15041995', 'TIDAK', 'PENGURUS', 'M012', 'images/peserta/1481691564-NORAZALIAH BINTI PISSAL.png', 1),
(13, 'AHMAD NADZRI BIN SAAD', '620313025143', '', 'LELAKI', '1863', 'TETAP', 'E41', '01041997', 'TIDAK', 'ATLET', 'M013', 'images/peserta/1481691593-AHMAD NADZRI BIN SAAD.png', 1),
(14, 'NOOR AMIRA BINTI AHMAD SUKRI', '860216025566', '', 'LELAKI', '', 'TETAP', '', '', 'TIDAK', 'JURULATIH', 'M014', 'images/peserta/1481691638-NOOR AMIRA BINTI AHMAD SUKRI.png', 1),
(15, 'RAMLAN BIN ABDUL HAMID', '600326045479', '', 'LELAKI', '1998', 'TETAP', 'G27', '16081982', 'TIDAK', 'ATLET', 'M015', 'images/peserta/1481691703-RAMLAN BIN ABDUL HAMID.png', 1),
(16, 'NOOR HANIZA BINTI SAMSUDIN', '840822086248', '', 'WANITA', '3258', 'TETAP', 'G41', '03032008', 'TIDAK', 'ATLET', 'M016', 'images/peserta/1481691718-NOOR HANIZA BINTI SAMSUDIN.png', 1),
(17, 'YAACOB BIN ROMLE', '850125026097', '', 'LELAKI', '3293', 'TETAP', 'N19', '23042008', 'TIDAK', 'ATLET', 'M017', 'images/peserta/1481691790-YAACOB BIN ROMLE.png', 1),
(18, 'ENGKU INTAN HADIASURIA BINTI ENGKU MUSTAFA', '840327115240', '', 'WANITA', '2951', 'TETAP', 'J29', '02072006', 'TIDAK', 'ATLET', 'M018', 'images/peserta/1481691792-ENGKU INTAN HADIASURIA BINTI ENGKU MUSTAFA.png', 1),
(19, 'MUHAMMAD RIZAL BIN RUSLAN', '960206025923', '', 'LELAKI', '', 'SAMBILAN', '', '', 'TIDAK', 'ATLET', 'M019', 'images/peserta/1481691830-MUHAMMAD RIZAL BIN RUSLAN.png', 1),
(20, 'NURFARAHIN BINTI AHMAD FUAD', '930916025090', '', 'WANITA', '3766', 'TETAP', 'F27', '17042016', 'TIDAK', 'ATLET', 'M020', 'images/peserta/1481691860-NURFARAHIN BINTI AHMAD FUAD.png', 1),
(21, 'MOHAMAD MUKHRIZ BIN MOHAMAD NAZERI', '951204025343', '', 'LELAKI', '', 'SAMBILAN', '', '', 'TIDAK', 'ATLET', 'M021', 'images/peserta/1481691895-MOHAMAD MUKHRIZ BIN MOHAMAD NAZERI.png', 1),
(22, 'PEE BEE FANG', '790224025100', '', 'WANITA', '3630', 'TETAP', 'F29', '15032012', 'TIDAK', 'ATLET', 'M022', 'images/peserta/1481763629-PEE BEE FANG.png', 1),
(23, 'SITI FATIMAH BINTI ISMAIL', '821015025752', '', 'WANITA', '3501', 'TETAP', 'J29', '01102009', 'TIDAK', 'ATLET', 'M023', 'images/peserta/1481691961-SITI FATIMAH BINTI ISMAIL.png', 1),
(24, 'MOHD QURSANI BIN YUSOP', '821228095009', '', 'LELAKI', '3032', 'TETAP', 'H11', '17072006', 'TIDAK', 'ATLET', 'M024', 'images/peserta/1481691965-MOHD QURSANI BIN YUSOP.png', 1),
(25, 'NUR ATIQAH WAHIDA BINTI MIHAT', '900718105420', '', 'WANITA', 'S0042', 'SAMBILAN', 'W27', '', 'TIDAK', 'ATLET', 'M025', 'images/peserta/1481692015-NUR ATIQAH WAHIDA BINTI MIHAT.png', 1),
(26, 'NOR HAFIZAH BT MOHD KAMARUDIN', '850222025600', '', 'WANITA', '3158', 'TETAP', 'N27', '01102007', 'TIDAK', 'ATLET', 'M026', 'images/peserta/1481692022-NORHAFIZAH BT MOHD KAMARUDIN.png', 1),
(27, 'NURULHUDA BT JUHARI', '830331025468', '', 'WANITA', '2963', 'TETAP', 'J29', '02072006', 'TIDAK', 'ATLET', 'M027', 'images/peserta/1481692071-NURULHUDA BT JUHARI.png', 1),
(28, 'KHAIRULNIZA BINTI ABDUL KARIM', '851228095102', '', 'WANITA', '18083935', 'SAMBILAN', '', '', 'TIDAK', 'ATLET', 'M028', 'images/peserta/1481692080-KHAIRULNIZA BINTI ABDUL KARIM.png', 1),
(29, 'NOR HASMIRA BT MD DESA', '890320025272', '', 'WANITA', '', 'SAMBILAN', '', '', 'TIDAK', 'ATLET', 'M029', 'images/peserta/1481692105-NOR HASMIRA BT MD DESA.png', 1),
(30, 'PUTERI FATIN HASYAZWANI BINTI MEGAT HASHIMI', '940217025904', '', 'WANITA', '3776', 'TETAP', 'J29', '02052016', 'TIDAK', 'ATLET', 'M030', 'images/peserta/1481692139-PUTERI FATIN HASYAZWANI BINTI MEGAT HASHIMI.png', 1),
(31, 'AZHAR BIN AWANG', '740131025253', '', 'LELAKI', '2682', 'TETAP', 'N22', '16102001', 'TIDAK', 'ATLET', 'M031', 'images/peserta/1481692147-AZHAR BIN AWANG.png', 1),
(32, 'MOHD IKRAM BIN NADZRI', '910516025309', '', 'LELAKI', '3676', 'TETAP', 'G29', '07152012', 'TIDAK', 'ATLET', 'M032', 'images/peserta/1481692196-MOHD IKRAM BIN NADZRI.png', 1),
(33, 'SITI SHAHIRAH BINTI BAHARUDIN', '910129075402', '', 'WANITA', '3769', 'TETAP', 'G27', '17042016', 'TIDAK', 'ATLET', 'M033', 'images/peserta/1481692198-SITI SHAHIRAH BINTI BAHARUDIN.png', 1),
(34, 'NUR ADIBA AKMA BINTI ADNAN', '911022025374', '', 'WANITA', '3755', 'TETAP', 'G27', '', 'TIDAK', 'ATLET', 'M034', 'images/peserta/1481692284-NUR ADIBA AKMA BINTI ADNAN.png', 1),
(35, 'MUHAMMAD ANWAR BIN BAHARUDDIN', '620829086043', '', 'LELAKI', '2049', 'TETAP', 'E44', '16071983', 'TIDAK', 'ATLET', 'M035', 'images/peserta/1481692494-MUHAMMAD ANWAR BIN BAHARUDDIN.png', 1),
(36, 'MUHAMAD MUSTAQIM B ABDUL RAZAK', '850519025003', '', 'LELAKI', '3283', 'TETAP', 'G41', '01042008', 'TIDAK', 'ATLET', 'M036', 'images/peserta/1481692564-MUHAMAD MUSTAQIM B ABDUL RAZAK.png', 1),
(37, 'MUHAMMAD ZAID BIN HUSIN', '600203115203', '', 'LELAKI', '1989', 'TETAP', 'G29', '01081982', 'TIDAK', 'ATLET', 'M037', 'images/peserta/1481695934-MUHAMMAD ZAID BIN HUSIN.png', 1),
(38, 'BAHARRUDIN BIN ABDULLAH', '680117025917', '', 'LELAKI', '2462', 'TETAP', 'H11', '16051995', 'TIDAK', 'ATLET', 'M038', 'images/peserta/1481696022-BAHARRUDIN BIN ABDULLAH.png', 1),
(39, 'NOOR RASHIDEE BIN NOOR AFFENDI', '880530025191', '', 'LELAKI', '3522', 'TETAP', 'N19', '04042010', 'TIDAK', 'ATLET', 'M039', 'images/peserta/1481696106-NOOR RASHIDEE BIN NOOR AFFENDI.png', 1),
(40, 'MOHD AKMAL BIN ABD GHANI', '891101095021', '', 'LELAKI', '', 'TETAP', 'R1', '20092011', 'TIDAK', 'ATLET', 'M040', 'images/peserta/1481696197-MOHD AKMAL BIN ABD GHANI.png', 1),
(41, 'SYED SAIFUL AMZA BIN SYED AZIZAN', '820509025723', '', 'LELAKI', '3220', 'TETAP', 'JA36', '27.11.07', 'TIDAK', 'PENGURUS', 'M041', 'images/peserta/1481696605-SYED SAIFUL AMZA BIN SYED AZIZAN.jpg', 1),
(42, 'KHAIROL BAZILAH BINTI BAHARRUDIN', '80050605340', '', 'WANITA', '3279', 'TETAP', 'N19', '18032008', 'TIDAK', 'ATLET', 'M042', 'images/peserta/1481702425-KHAIROL BAZILAH BINTI BAHARRUDIN.png', 1),
(43, 'MARIYANA BINTI MANSOR', '750310095002', '', 'WANITA', '3108', 'TETAP', 'N19', '02012007', 'TIDAK', 'ATLET', 'M043', 'images/peserta/1481702481-MARIYANA BINTI MANSOR.png', 1),
(45, 'NADIHA BINTI MOHAMAD@MD BASIR', '830506025882', '', 'WANITA', '3549', 'TETAP', 'E29', '03012011', 'TIDAK', 'PENGURUS', 'M045', 'images/peserta/1481702550-NADIHA BINTI MOHAMAD@MD BASIR.png', 1),
(46, 'ZAM ZURA BINTI MD LAZIN@LIT', '8508295090', '', 'WANITA', '3418', 'TETAP', 'N19', '03022009', 'TIDAK', 'ATLET', 'M046', 'images/peserta/1481702592-ZAM ZURA BINTI MD LAZIN@LIT.png', 1),
(47, 'NORMUNIRA BINTI SHAFIEE', '850420095044', '', 'WANITA', '3338', 'TETAP', 'N29', '18052008', 'TIDAK', 'ATLET', 'M047', 'images/peserta/1481702601-NORMUNIRA BINTI SHAFIEE.png', 1),
(48, 'MURNI BT MUSTAFFA', '800302025496', '', 'WANITA', '3093', 'TETAP', 'G27', '03092006', 'TIDAK', 'ATLET', 'M048', 'images/peserta/1481702668-MURNI BT MUSTAFFA.png', 1),
(49, 'NOR BADARIAH BINTI ABDULLAH', '830215025030', '', 'WANITA', '2853', 'TETAP', 'JA29', '15032005', 'TIDAK', 'ATLET', 'M049', 'images/peserta/1481702673-NOR BADARIAH BINTI ABDULLAH.png', 1),
(50, 'NOR AFZAN BT ZAIM', '790807025300', '', 'WANITA', '2841', 'TETAP', 'N17', '16072006', 'TIDAK', 'ATLET', 'M050', 'images/peserta/1481702722-NOR AFZAN BT ZAIM.png', 1),
(51, 'ABD KHODIR BIN HAJI HASHIM', '590512025803', '', 'LELAKI', '2267', 'TETAP', 'H11', '16121990', 'TIDAK', 'ATLET', 'M051', 'images/peserta/1481702738-ABD KHODIR BIN HAJI HASHIM.png', 1),
(52, 'FATIMAH BT TALIB', '691121025300', '', 'WANITA', '2374', 'TETAP', 'N17', '01012004', 'TIDAK', 'ATLET', 'M052', 'images/peserta/1481702781-FATIMAH BT TALIB.png', 1),
(53, 'NURUL NAFASHA BINTI BAHAROM SHAH', '900615095020', '', 'WANITA', '3599', 'TETAP', 'G29', '02082011', 'TIDAK', 'ATLET', 'M053', 'images/peserta/1481702802-NURUL NAFASHA BINTI BAHAROM SHAH.png', 1),
(54, 'KHUZAIMAH BT AZMI', '830331025230', '', 'WANITA', '2860', 'TETAP', 'F29', '15032005', 'TIDAK', 'ATLET', 'M054', 'images/peserta/1481702843-KHUZAIMAH BT AZMI.png', 1),
(55, 'ZAKARIA BIN IBRAHIM', '570817095089', '', 'LELAKI', '1962', 'TETAP', 'JA29', '16061982', 'TIDAK', 'ATLET', 'M055', 'images/peserta/1481702848-ZAKARIA BIN IBRAHIM.png', 1),
(56, 'ZULKEFLI BIN MUSA', '650314025599', '', 'LELAKI', '2196', 'TETAP', 'G29', '20051986', 'TIDAK', 'ATLET', 'M056', 'images/peserta/1481702900-ZULKEFLI BIN MUSA.png', 1),
(57, 'MUNIRAH BT CHE FESOL', '841004025448', '', 'WANITA', '3173', 'TETAP', 'J29', '03012007', 'TIDAK', 'ATLET', 'M057', 'images/peserta/1481702906-MUNIRAH BT CHE FESOL.png', 1),
(58, 'YUSRIZAL BIN ZAKARIA @ ABU BAKAR', '700404095067', '', 'LELAKI', '2389', 'TETAP', 'G29', '01111994', 'TIDAK', 'ATLET', 'M058', 'images/peserta/1481702958-YUSRIZAL BIN ZAKARIA @ ABU BAKAR.png', 1),
(59, 'SITI FATIMAH BT CHE HAT', '840710025678', '', 'WANITA', '3243', 'TETAP', 'N17', '06062008', 'TIDAK', 'ATLET', 'M059', 'images/peserta/1481702958-SITI FATIMAH BT CHE HAT.png', 1),
(60, 'ZULKAFLEE BIN JAAFAR', '720206025613', '', 'LELAKI', '2403', 'TETAP', 'G29', '01111994', 'TIDAK', 'ATLET', 'M060', 'images/peserta/1481703003-ZULKAFLEE BIN JAAFAR.png', 1),
(61, 'MUHAMAD NAZROL BIN IDRIS', '890212025005', '', 'LELAKI', '3701', 'TETAP', 'JA29', '01072013', 'TIDAK', 'ATLET', 'M061', 'images/peserta/1481703123-MUHAMAD NAZROL BIN IDRIS.png', 1),
(62, 'NOOR ANIZA BINTI MD SALLEH', '800917025804', '', 'WANITA', '3274', 'TETAP', 'E29', '13032008', 'TIDAK', 'PENGURUS', 'M062', 'images/peserta/1481703203-NOOR ANIZA BINTI MD SALLEH.png', 1),
(63, 'MOHAMAD IZHAM BIN AHMAD', '820612085521', '', 'LELAKI', '3423', 'TETAP', 'W41', '20022009', 'TIDAK', 'ATLET', 'M063', 'images/peserta/1481762268-MOHAMAD IZHAM BIN AHMAD.png', 1),
(64, 'OMAR BIN MAT', '590427025665', '', 'LELAKI', '1785', 'TETAP', 'JA29', '1.8.1983', 'TIDAK', 'JURULATIH', 'M064', 'images/peserta/1481762291-OMAR BIN MAT.jpg', 1),
(65, 'MOHD SHUHAIMU BIN JAAFAR', '810524025263', '', 'LELAKI', '2831', 'TETAP', 'H11', '', 'TIDAK', 'JURULATIH', 'M065', 'images/peserta/1481763166-MOHD SHUHAIMU BIN JAAFAR.png', 1),
(66, 'SUZANA BINTI ISMAIL', '811206025094', '', 'WANITA', '3369', 'TETAP', 'N19', '03082008', 'TIDAK', 'ATLET', 'M066', 'images/peserta/1481763316-SUZANA BINTI ISMAIL.png', 1),
(67, 'SHUKRI BIN OTHMAN', '651102095047', '', 'LELAKI', '2405', 'TETAP', 'G29', '01111994', 'TIDAK', 'ATLET', 'M067', 'images/peserta/1481763426-SHUKRI BIN OSMAN.png', 1),
(68, 'NOT SAKINAH BINTI MOHD YUSUF', '890819025288', '', 'WANITA', '3767', 'TETAP', 'G29', '17042016', 'TIDAK', 'ATLET', 'M068', 'images/peserta/1481763442-NOT SAKINAH BINTI MOHD YUSUF.png', 1),
(69, 'AMINUDIN BAKI BIN AWANG', '660821025947', '', 'LELAKI', '2822', 'TETAP', 'H11', '01092004', 'TIDAK', 'ATLET', 'M069', 'images/peserta/1481763584-AMINUDIN BAKI BIN AWANG.png', 1),
(70, 'NATRAH BINTI NORMAN', '870529025160', '', 'LELAKI', '3770', 'TETAP', 'G27', '17042016', 'TIDAK', 'ATLET', 'M070', 'images/peserta/1481763734-NATRAH BINTI NORMAN.png', 1),
(71, 'MAZLIATI BINTI MAZLAN', '820822025340', '', 'WANITA', '3206', 'TETAP', 'G29', '25112007', 'TIDAK', 'ATLET', 'M071', 'images/peserta/1481763844-MAZLIATI BINTI MAZLAN.png', 1),
(72, 'ROZIMAWATI BINTI MUSTAPA', '791227095176', '', 'WANITA', '2699', 'TETAP', 'G29', '15042002', 'TIDAK', 'ATLET', 'M072', 'images/peserta/1481763902-ROZIMAWATI BINTI MUSTAPA.png', 1),
(73, 'UMAIMAH BINTI MD SALLEH', '840904715052', '', 'WANITA', '3218', 'TETAP', 'JA36', '27112007', 'TIDAK', 'ATLET', 'M073', 'images/peserta/1481763953-UMAIMAH BINTI MD SALLEH.png', 1),
(74, 'NOORLIZAWATI BINTI YUSOP', '810925025400', '', 'WANITA', '2890', 'TETAP', 'G29', '27032005', 'TIDAK', 'ATLET', 'M074', 'images/peserta/1481764040-NOORLIZAWATI BINTI YUSOP.png', 1),
(75, 'UMI KALSOM BINTI ABU HASAN', '830503025860', '', 'WANITA', '2947', 'TETAP', 'G29', '11062006', 'TIDAK', 'ATLET', 'M075', 'images/peserta/1481764109-UMI KALSOM BINTI ABU HASAN.png', 1),
(76, 'ARZMI BIN BAHDOL', '621030105789', '', 'LELAKI', '1789', 'TETAP', 'G29', '20121980', 'TIDAK', 'ATLET', 'M076', 'images/peserta/1481764146-ARZMIBIN BAHDOL.png', 1),
(77, 'SAVITHREE A/P SOMPONG', '850117025342', '', 'WANITA', '3240', 'TETAP', 'JA29', '03022008', 'TIDAK', 'ATLET', 'M077', 'images/peserta/1481764166-SAVITHREE A/P SOMPONG.png', 1),
(78, 'MOHD ZALMI BIN ISMAIL', '811215085873', '', 'LELAKI', '3021', 'TETAP', 'R1', '17062006', 'TIDAK', 'ATLET', 'M078', 'images/peserta/1481764206-MOHD ZALMI BIN ISMAIL.png', 1),
(79, 'FARHANA BINTI MOHD RADZI', '840911025500', '', 'WANITA', '2964', 'TETAP', 'JA29', '02072006', 'TIDAK', 'ATLET', 'M079', 'images/peserta/1481764237-FARHANA BINTI MOHD RADZI.png', 1),
(80, 'SYAZNI SYAFIQ BIN AZIZAN', '870922025693', '', 'LELAKI', '3323', 'TETAP', 'G27', '02092008', 'TIDAK', 'ATLET', 'M080', 'images/peserta/1481764254-SYAZNI SYAFIQ BIN AZIZAN.png', 1),
(81, 'MAS MAZIDAH BINTI ABDUL RANI', '840621065166', '', 'WANITA', '3628', 'TETAP', 'W29', '15032012', 'TIDAK', 'ATLET', 'M081', 'images/peserta/1481764281-MAS MAZIDAH BINTI ABDUL RANI.png', 1),
(82, 'NOORAZEAWATY BINTI SALLEH', '770318035862', '', 'WANITA', '2702', 'TETAP', 'G29', '02042002', 'TIDAK', 'ATLET', 'M082', 'images/peserta/1481764310-NOORAZEAWATY BINTI SALLEH.png', 1),
(83, 'INTAN ROHAIDA BINTI ABDUL RAHMAN', '850310106152', '', 'WANITA', '3527', 'TETAP', 'JA29', '10102010', 'TIDAK', 'ATLET', 'M083', 'images/peserta/1481764323-INTAN ROHAIDA BINTI ABDUL RAHMAN.png', 1),
(84, 'NOR HASHIKIN BINTI HARUN', '710303026002', '', 'WANITA', '2710', 'TETAP', 'G27', '02042002', 'TIDAK', 'ATLET', 'M084', 'images/peserta/1481764360-NOR HASHIKIN BINTI HARUN.png', 1),
(85, 'SHAHRUL BAZLI BIN SHAHARUDIN', '850214095051', '', 'LELAKI', '3710', 'TETAP', 'J41', '24072014', 'TIDAK', 'PENGURUS', 'M085', 'images/peserta/1481764393-SHAHRUL BAZLI BIN SHAHARUDIN.png', 1),
(86, 'NOR ADZLEEN BINTI OTHMAN', '850103025894', '', 'WANITA', '3382', 'TETAP', 'G27', '02092008', 'TIDAK', 'ATLET', 'M086', 'images/peserta/1481764422-NOR ADZLEEN BINTI OTHMAN.png', 1),
(87, 'NORMASAYU BINTI AHMAD DESA', '811110025626', '', 'WANITA', '2955', 'TETAP', 'G27', '02072007', 'TIDAK', 'ATLET', 'M087', 'images/peserta/1481764473-NORMASYU BINTI AHMAD DESA.png', 1),
(88, 'HABIBALLAH BIN HASSAN', '620503025355', '', 'LELAKI', '1964', 'TETAP', 'N22', '01071982', 'TIDAK', 'JURULATIH', 'M088', 'images/peserta/1481764860-HABIBALLAH BIN HASSAN.png', 1),
(89, 'MOHAMAD YASIR BIN ABDULLAH', '680524025367', '', 'LELAKI', '3131', 'TETAP', 'N19', '01072008', 'TIDAK', 'ATLET', 'M089', 'images/peserta/1481765009-MOHAMAD YASIR BIN ABDULLAH.png', 1),
(90, 'SITI MARIAM BINTI MAT HUSSIN', '830505085082', '', 'WANITA', '3263', 'TETAP', 'W29', '16032008', 'TIDAK', 'ATLET', 'M090', 'images/peserta/1481765077-SITI MARIAM BINTI MAT HUSSIN.png', 1),
(91, 'NORLIAH BINTI ALI', '580715075270', '', 'WANITA', '2230', 'TETAP', 'N22', '16011988', 'TIDAK', 'ATLET', 'M091', 'images/peserta/1481765258-NORLIAH BINTI ALI.png', 1),
(92, 'NORAINI BINTI AHMAD', '760104025088', '', 'WANITA', '3491', 'TETAP', '', '02082009', 'TIDAK', 'ATLET', 'M092', 'images/peserta/1481766060-NORAINI BINTI AHMAD.png', 1),
(93, 'MOHD RASHID BIN HARUN', '620812025439', '', 'LELAKI', '1985', 'TETAP', 'JA29', '01081982', 'TIDAK', 'ATLET', 'M093', 'images/peserta/1481766127-MOHD RASHID BIN HARUN.png', 1),
(94, 'MUHAMMAD ALAWI BIN MOHD MARZUKI', '730128025763', '', 'LELAKI', '2424', 'TETAP', 'H11', '05021995', 'TIDAK', 'ATLET', 'M094', 'images/peserta/1481766262-MUHAMMAD ALAWI BIN MOHD MARZUKI.png', 1),
(95, 'ZAMRI BIN GHAZALI', '670128025403', '', 'LELAKI', '2503', 'TETAP', 'H11', '16051995', 'TIDAK', 'ATLET', 'M095', 'images/peserta/1481766320-ZAMRI BIN GHAZALI.png', 1),
(96, 'SANUSI BIN OMAR', '710705025985', '', 'LELAKI', '3088', 'TETAP', 'H11', '16082006', 'TIDAK', 'ATLET', 'M096', 'images/peserta/1481766368-SANUSI BIN OMAR.png', 1),
(97, 'SITI NORAINI BINTI AHMAD', '891201025696', '', 'WANITA', '3720', 'TETAP', 'G41', '01022015', 'TIDAK', 'ATLET', 'M097', 'images/peserta/1481766425-SITI NORAINI BINTI AHMAD.png', 1),
(98, 'HARTINI BINTI HARUN', '830212025588', '', 'WANITA', '2863', 'TETAP', 'JA29', '15032005', 'TIDAK', 'ATLET', 'M098', 'images/peserta/1481766529-HARTINI BINTI HARUN.png', 1),
(99, 'NOR HAFIZI BIN MOHAMAD YAHAYA', '850601085777', '', 'LELAKI', '3222', 'TETAP', 'JA36', '27112007', 'TIDAK', 'ATLET', 'M099', 'images/peserta/1481766681-NOR HAFIZI BIN MOHAMAD YAHAYA.png', 1),
(100, 'SHOIFUDDIN BIN ABD HAMID', '660529025165', '', 'LELAKI', '2582', 'TETAP', 'H11', '15011997', 'TIDAK', 'ATLET', 'M100', 'images/peserta/1481767318-SHOIFUDDIN BIN ABD HAMID.png', 1),
(101, 'RASHID BIN HAMID', '691229025165', '', 'LELAKI', '2435', 'TETAP', 'H11', '16051995', 'TIDAK', 'ATLET', 'M101', 'images/peserta/1481767371-RASHID BIN HAMID.png', 1),
(102, 'ABD ROHIM BIN AHMAD', '720729025209', '', 'LELAKI', '2988', 'TETAP', 'H11', '17072006', 'TIDAK', 'ATLET', 'M102', 'images/peserta/1481767374-ABD ROHIM BIN AHMAD.png', 1),
(103, 'MOHD HUSNI BIN IBRAHIM', '910902095137', '', 'LELAKI', '3609', 'TETAP', 'G27', '16102011', 'TIDAK', 'ATLET', 'M103', 'images/peserta/1481767416-MOHD HUSNI BIN IBRAHIM.png', 1),
(104, 'MOHAMMAD IZZUDDIN BIN OMAR', '850509025077', '', 'LELAKI', '3225', 'TETAP', 'JA29', '27112007', 'TIDAK', 'ATLET', 'M104', 'images/peserta/1481767458-MOHAMMAD IZZUDDIN BIN OMAR.png', 1),
(105, 'MOHD MAZUKI BIN MORAT', '680508095031', '', 'LELAKI', '2913', 'TETAP', 'H11', '10062006', 'TIDAK', 'ATLET', 'M105', 'images/peserta/1481767490-MOHD MAZUKI BIN MORAT.png', 1),
(106, 'SHAIFUL AZLIMI BIN ABDULLAH', '780314086741', '', 'LELAKI', '3368', 'TETAP', 'TETAP', '03082008', 'TIDAK', 'ATLET', 'M106', 'images/peserta/1481767514-SHAIFUL AZLIMI BIN ABDULLAH.png', 1),
(107, 'ABD GHANI BIN SAAD', '690303025207', '', 'LELAKI', '2607', 'TETAP', 'H11', '15011997', 'TIDAK', 'ATLET', 'M107', 'images/peserta/1481767530-ABD GHANI BIN SAAD.png', 1),
(108, 'NUR HAMDI BIN DIN', '620607025827', '', 'LELAKI', '2298', 'TETAP', 'H11', '16121990', 'TIDAK', 'ATLET', 'M108', 'images/peserta/1481767566-NUR HAMDI BIN DIN.png', 1),
(109, 'NAZRUL BIN ANI', '710519026255', '', 'LELAKI', '2623', 'TETAP', '', '15011997', 'TIDAK', 'ATLET', 'M109', 'images/peserta/1481767572-NAZRUL BIN ANI.png', 1),
(110, 'MOHD KHIRUDDIN BIN YACOB', '780801025233', '', 'LELAKI', '3029', 'TETAP', '', '17072006', 'TIDAK', 'ATLET', 'M110', 'images/peserta/1481767622-MOHD KHIRUDDIN BIN YACOB.png', 1),
(111, 'MOKHTAR BIN ABD RAHMAN', '710111025507', '', 'LELAKI', '2621', 'TETAP', '', '15011997', 'TIDAK', 'ATLET', 'M111', 'images/peserta/1481767679-MOKHTAR BIN ABD RAHMAN.png', 1),
(112, 'MOHD SUKRI BIN HUSSAIN', '630208025431', '', 'LELAKI', '2296', 'TETAP', 'H11', '16121990', 'TIDAK', 'ATLET', 'M112', 'images/peserta/1481767683-MOHD SUKRI BIN HUSSAIN.png', 1),
(113, 'MOHD RODZI BIN ISMAIL', '670704025015', '', 'LELAKI', '3022', 'TETAP', 'H11', '17072006', 'TIDAK', 'ATLET', 'M113', 'images/peserta/1481767725-MOHD RODZI BIN ISMAIL.png', 1),
(114, 'MUHAMAD JOHAN SYUHARDI BIN MOHD NAWRI', '910519075395', '', 'LELAKI', '18380424', 'SAMBILAN', 'H11', '20072016', 'TIDAK', 'ATLET', 'M114', 'images/peserta/1481767764-MUHAMAD JOHAN SYUHARDI BIN MOHD NAWRI.png', 1),
(115, 'AHMAD TAJUDIN BIN RAMLI', '731023025809', '', 'LELAKI', '2979', 'TETAP', 'H11', '17072006', 'TIDAK', 'ATLET', 'M115', 'images/peserta/1481767769-AHMAD TAJUDIN BIN RAMLI.png', 1),
(116, 'MOHD AMIRUL BIN RUSLAN', '941226095001', '', 'LELAKI', '21485022', 'SAMBILAN', 'H11', '01082016', 'TIDAK', 'ATLET', 'M116', 'images/peserta/1481767816-MOHD AMIRUL BIN RUSLAN.png', 1),
(117, 'MOHD ZUKRI BIN HANAPI', '710406025803', '', 'LELAKI', '2443', 'TETAP', 'H11', '16051995', 'TIDAK', 'ATLET', 'M117', 'images/peserta/1481767816-MOHD ZUKRI BIN HANAPI.png', 1),
(118, 'MD ZUBIR BIN SAAD', '710209025791', '', 'LELAKI', '2646', 'TETAP', 'H19', '15011997', 'TIDAK', 'ATLET', 'M118', 'images/peserta/1481767856-MD ZUBIR BIN SAAD.png', 1),
(119, 'MOHAMAD SHUKRI BIN JOHARI', '591222025519', '', 'LELAKI', '1685', 'TETAP', '', '02021984', 'TIDAK', 'ATLET', 'M119', 'images/peserta/1481767864-MOHAMAD SHUKRI BIN JOHARI.png', 1),
(120, 'MOHD SOFFI BIN AZIZ', '880321025013', '', 'LELAKI', '3473', 'TETAP', 'G29', '04052009', 'TIDAK', 'ATLET', 'M120', 'images/peserta/1481767916-MOHD SOFFI BIN AZIZ.png', 1),
(121, 'MOHD ZAKWAN BIN IBRAHIM', '800831025053', '', 'LELAKI', '3489', 'TETAP', 'G27', '02082009', 'TIDAK', 'PENGURUS', 'M121', 'images/peserta/1481767944-MOHD ZAKWAN BIN IBRAHIM.png', 1),
(122, 'MOHD SHAHIR BIN ISMAIL', '910119025815', '', 'LELAKI', '19888011', 'SAMBILAN', 'H11', '20072016', 'TIDAK', 'ATLET', 'M122', 'images/peserta/1481767967-MOHD SHAHIR BIN ISMAIL.png', 1),
(123, 'MANUL A/L BUA', '870321025997', '', 'LELAKI', '3672', 'TETAP', 'JA29', '01042012', 'TIDAK', 'ATLET', 'M123', 'images/peserta/1481768052-MANUL A/L BUA.png', 1),
(124, 'NORHAKIMI BIN KECHIK', '830928095135', '', 'LELAKI', '2943', 'TETAP', 'G27', '11062016', 'TIDAK', 'ATLET', 'M124', 'images/peserta/1481768100-NORHAKIMI BIN KECHIK.png', 1),
(125, 'KHAIRUL ANUAR BIN NOOR HASSAN', '820220025239', '', 'LELAKI', '3575', 'TETAP', 'H11', '14072011', 'TIDAK', 'ATLET', 'M125', 'images/peserta/1481768141-KHAIRUL ANUAR BIN NOOR HASSAN.png', 1),
(126, 'MOHD FIRDAUS BIN HALIM', '900103025061', '', 'LELAKI', '3691', 'TETAP', 'JA29', '02062013', 'TIDAK', 'ATLET', 'M126', 'images/peserta/1481768191-MOHD FIRDAUS BIN HALIM.png', 1),
(127, 'ASRUL AZWAN BIN MOHD ZAINI', '940312025267', '', 'LELAKI', '3751', 'TETAP', 'G29', '17042016', 'TIDAK', 'ATLET', 'M127', 'images/peserta/1481768308-ASRUL AZWAN BIN MOHD ZAINI.png', 1),
(128, 'MOHD ANASSHAHMY BIN MOHD MOKHTAR', '941126025041', '', 'LELAKI', '3774', 'TETAP', 'JA29', '02052016', 'TIDAK', 'ATLET', 'M128', 'images/peserta/1481768357-MOHD ANASSHAHMY BIN MOHD MOKHTAR.png', 1),
(129, 'MUHAMMAD KHAIRUL BIN BASARUDIN', '810407025889', '', 'LELAKI', '2830', 'TETAP', 'K2', '15092004', 'TIDAK', 'ATLET', 'M129', 'images/peserta/1481768437-MUHAMMAD KHAIRUL BIN BASARUDIN.png', 1),
(130, 'MUHAMMAD NAZRI BIN TALAB @ ABD MUTALIB', '910115025383', '', 'LELAKI', '3750', 'TETAP', 'G27', '17042016', 'TIDAK', 'ATLET', 'M130', 'images/peserta/1481768585-MUHAMMAD NAZRI BIN TALAB @ ABD MUTALIB.png', 1),
(131, 'MOHD HAFFIZI BIN ROSHIDI', '891212095075', '', 'LELAKI', '3754', 'TETAP', 'G29', '17042016', 'TIDAK', 'ATLET', 'M131', 'images/peserta/1481768630-MOHD HAFFIZI BIN ROSHIDI.png', 1),
(132, 'MOHD. HAFIZAN BIN KHALID', '770312015641', '01127583248', 'LELAKI', '11014990', 'TETAP', 'G29', '03032003', 'TIDAK', 'ATLET', 'N001', 'images/peserta/1481771196-MOHD. HAFIZAN BIN KHALID.jpg', 14),
(133, 'MOHD ZAINI BIN SAFIE', '600703-02-5283', '', 'LELAKI', '', 'TETAP', '', '', 'TIDAK', 'PENGURUS', 'M131', 'images/peserta/1482050373-MOHD ZAINI BIN SAFIE.jpg', 1),
(134, 'SYED ABDUL HAKIM SYED ABD. RAHMAN', '820613-02-5133', '', 'LELAKI', '', 'TETAP', '', '', 'TIDAK', 'JURULATIH', 'M132', 'images/peserta/1482050457-SYED ABDUL HAKIM SYED ABD. RAHMAN.jpg', 1),
(135, 'SYAZNI SYAFIQ BIN AZIZAN', '870922-02-5693', '', 'LELAKI', '', 'TETAP', '', '', 'TIDAK', 'ATLET', 'M133', 'images/peserta/1482050524-SYAZNI SYAFIQ BIN AZIZAN.jpg', 1),
(136, 'SYED AMIR SHAFFIQ  SYED ZAINAL ABIDIN', '840812095167', '', 'LELAKI', '', 'TETAP', '', '', 'TIDAK', 'ATLET', 'M134', 'images/peserta/1482050615-SYED AMIR SHAFFIQ  SYED ZAINAL ABIDIN.jpg', 1),
(137, 'NORHAZRIN HAFIZ BIN NORDIN', '820406025849', '', 'LELAKI', '', 'TETAP', '', '', 'TIDAK', 'ATLET', 'M135', 'images/peserta/1482050836-NORHAZRIN HAFIZ BIN NORDIN.jpg', 1),
(138, 'MOHD FIRDAUS BIN MAD SAAD', '870827-40504', '', 'LELAKI', '', 'TETAP', '', '', 'TIDAK', 'ATLET', 'M136', 'images/peserta/1482050897-MOHD FIRDAUS BIN MAD SAAD.jpg', 1),
(139, 'AZIZI BIN ZALI ', '870131026219', '', 'LELAKI', '', '', '', '', 'TIDAK', 'ATLET', 'M137', 'images/peserta/1482050957-AZIZI BIN ZALI .jpg', 1),
(140, 'MUHAMMAD ALIF ASWAD BIN BAHARIN', '891006086135', '', 'LELAKI', '', 'TETAP', '', '', 'TIDAK', 'ATLET', 'M138', 'images/peserta/1482051004-MUHAMMAD ALIF ASWAD BIN BAHARIN.jpg', 1),
(141, 'ABD LAJIS BIN RAHMAT', '630117015617', '0104037321', 'LELAKI', '3804341', 'TETAP', 'G29', '15061983', 'TIDAK', 'ATLET', 'N002', 'images/peserta/1482222994-ABD LAJIS BIN RAHMAT.jpg', 14),
(142, 'ABDULLAH SANI BIN SALLEH', '610408016443', '0197605775', 'LELAKI', '4580312', 'TETAP', 'G29', '01021982', 'TIDAK', 'PENGURUS', 'N003', 'images/peserta/1482223300-ABDULLAH SANI BIN SALLEH.jpg', 14),
(143, 'KADISAN BIN HAMIM', '610521015995', '0137260594', 'LELAKI', '1074996', 'TETAP', 'G29', '14011980', 'TIDAK', 'ATLET', 'N004', 'images/peserta/1482223848-KADISAN BIN HAMIM.jpg', 14),
(144, 'KU MANSOR BIN KU ALI', '630405035161', '0199484076', 'LELAKI', '3357449', 'TETAP', 'G29', '01061982', 'TIDAK', 'PENGURUS', 'N005', 'images/peserta/1482224076-KU MANSOR BIN KU ALI.png', 14),
(145, 'WAN MOHD FADHLI BIN WAN MAMAT', '810406035655', '', 'LELAKI', '2063', 'TETAP', 'J44', '01122007', 'TIDAK', 'ATLET', 'K001', 'images/peserta/1482281635-WAN MOHD FADHLI BIN WAN MAMAT.jpg', 2),
(146, 'NIK ROSLAN BIN IDRIS', '620710035505', '', 'LELAKI', '1179', 'TETAP', 'E54', '', 'TIDAK', 'ATLET', 'K002', 'images/peserta/1482292235-NIK ROSLAN BIN IDRIS.jpg', 2),
(147, 'MOHD NORWIR BIN MAHMOOD', '610611035797', '', 'LELAKI', '1020', 'TETAP', 'JA29', '', 'TIDAK', 'ATLET', 'K003', 'images/peserta/1482292302-MOHD NORWIR BIN MAHMOOD.jpg', 2),
(148, 'NORDIN BIN HUSAIN', '610710035207', '', 'LELAKI', '1332', 'TETAP', 'W36', '', 'TIDAK', 'ATLET', 'K004', 'images/peserta/1482292426-NORDIN BIN HUSAIN.jpg', 2),
(149, 'NIK MOHD DIN BIN NIK ABDULLAH', '620902115315', '', 'LELAKI', '1266', 'TETAP', 'G29', '', 'TIDAK', 'ATLET', 'K005', 'images/peserta/1482292971-NIK MOHD DIN BIN NIK ABDULLAH.jpg', 2),
(155, 'WAN AZMI BIN WAN ABDULLAH', '600602035585', '', 'LELAKI', '1323', 'TETAP', 'J44', '', 'TIDAK', 'ATLET', 'K006', 'images/peserta/1482306283-WAN AZMI BIN WAN ABDULLAH.jpg', 2),
(156, 'NOORAINI BINTI YUNUS', '660930035466', '', 'WANITA', '1487', 'ATLET', 'N22', '0000-00-00', 'TIDAK', 'ATLET', 'K007', 'images/peserta/1482306868-NOORAINI BINTI YUNUS.jpg', 2),
(157, 'MOHD TAJUDIN BIN MAMAT', '680317035773', '', 'LELAKI', '1475', 'TETAP', 'H11', '0000-00-00', 'TIDAK', 'ATLET', 'K008', 'images/peserta/1482307450-MOHD TAJUDIN BIN MAMAT.jpg', 2),
(158, 'MUHAMAD BIN MAT ZAIN', '720218035413', '', 'LELAKI', '1836', 'TETAP', 'H11', '0000-00-00', 'TIDAK', 'ATLET', 'K009', 'images/peserta/1482307836-MUHAMAD BIN MAT ZAIN.jpg', 2),
(159, 'MOHD ZAKIYUDIN ABDUL MUHAIMIN BIN ZAKARIA', '770911035273', '', 'LELAKI', '1796', 'TETAP', 'H11', '0000-00-00', 'TIDAK', 'ATLET', 'K010', 'images/peserta/1482308062-MOHD ZAKIYUDIN ABDUL MUHAIMIN BIN ZAKARIA.jpg', 2),
(160, 'ISMALINA BINTI ISMAIL', '790901145602', '', 'WANITA', '2080', 'TETAP', 'W44', '', 'TIDAK', 'ATLET', 'K011', 'images/peserta/1482308352-ISMALINA BINTI ISMAIL.jpg', 2),
(161, 'MAT SANUSI BIN AWANG', '831108035529', '', 'LELAKI', '2197', 'TETAP', 'G17', '', 'TIDAK', 'ATLET', 'K012', 'images/peserta/1482308866-MAT SANUSI BIN AWANG.jpg', 2),
(162, 'NORHAFIZ BIN MAMAT', '841204035691', '', 'LELAKI', '2358', 'TETAP', 'J41', '', 'TIDAK', 'ATLET', 'K013', 'images/peserta/1482309035-NORHAFIZ BIN MAMAT.jpg', 2),
(163, 'MOHD HISYAMUDDIN BIN GHAZALI', '850304035167', '', 'LELAKI', '2104', 'TETAP', 'J17', '', 'TIDAK', 'ATLET', 'K014', 'images/peserta/1482309177-MOHD HISYAMUDDIN BIN GHAZALI.jpg', 2),
(164, 'SITI HASMAH BINTI DOLLAH', '860725295206', '', 'WANITA', '', 'TETAP', 'N17', '', 'TIDAK', 'ATLET', 'K015', 'images/peserta/1482309284-SITI HASMAH BINTI DOLLAH.jpg', 2),
(165, 'MOHD FAIZAL BIN CHE ABAS', '880209035369', '', 'LELAKI', '2148', 'TETAP', 'H11', '', 'TIDAK', 'ATLET', 'K016', 'images/peserta/1482309383-MOHD FAIZAL BIN CHE ABAS.jpg', 2),
(166, 'AHMAD BALYAN BIN ZULKIFLI', '880705035325', '', 'LELAKI', '2258', 'TETAP', 'H11', '', 'TIDAK', 'ATLET', 'K017', 'images/peserta/1482309456-AHMAD BALYAN BIN ZULKIFLI.jpg', 2),
(167, 'MEZENAH BT HUSIN', '570404035344', '', 'WANITA', '1071', 'TETAP', 'N22', '', 'TIDAK', 'ATLET', 'K018', 'images/peserta/1482309590-MEZENAH BT HUSIN.jpg', 2),
(168, 'SITI ZALIHA BT WAN IBRAHIM', '590512065016', '', 'WANITA', '1030', 'TETAP', 'N22', '30103', 'TIDAK', 'ATLET', 'K019', 'images/peserta/1482309703-SITI ZALIHA BT WAN IBRAHIM.jpg', 2),
(169, 'CHE ZAINU BT ABDULLAH', '600708035276', '', 'WANITA', '1055', 'TETAP', 'W22', '30103', 'TIDAK', 'ATLET', 'K020', 'images/peserta/1482309871-CHE ZAINU BT ABDULLAH.jpg', 2),
(170, 'NORIZAN BT ISMAIL', '611205035972', '', 'WANITA', '1035', 'TETAP', 'N22', '30103', 'TIDAK', 'ATLET', 'K021', 'images/peserta/1482309985-NORIZAN BT ISMAIL.jpg', 2),
(171, 'FARIZAN BT CHE MUD', '800628035686', '', 'WANITA', '2154', 'TETAP', 'N41', '39509', 'TIDAK', 'ATLET', 'K022', 'images/peserta/1482310076-FARIZAN BT CHE MUD.jpg', 2),
(172, 'ANIS SURAYA BT IBRAHIM', '810420035280', '', 'WANITA', '2089', 'TETAP', 'N41', '39417', 'TIDAK', 'PENGURUS', 'K023', 'images/peserta/1482310179-ANIS SURAYA BT IBRAHIM.jpg', 2),
(173, 'SARINAHAFIAH BT.ISA', '700930035558', '', 'WANITA', '', 'TETAP', 'N22', '35219', 'TIDAK', 'PENGURUS', 'K024', 'images/peserta/1482367946-SARINAHAFIAH BT.ISA.jpg', 2),
(174, 'CHE MOHD FAISAL BIN MOHD MAHIDEEN', '660226035307', '', 'LELAKI', '1787', 'TETAP', 'G44', '0000-00-00', 'TIDAK', 'ATLET', 'K025', 'images/peserta/1482368121-CHE MOHD FAISAL BIN MOHD MAHIDEEN.jpg', 2),
(175, 'NORHISHAM BIN MOHAMED', '721220035433', '', 'LELAKI', '1837', 'TETAP', 'H11', '0000-00-00', 'TIDAK', 'ATLET', 'K026', 'images/peserta/1482368232-NORHISHAM BIN MOHAMED.jpg', 2),
(176, 'NORBANI BT ARIF', '710424035554', '', 'WANITA', '', 'TETAP', 'N17', '34547', 'TIDAK', 'ATLET', 'K027', 'images/peserta/1482368268-NORBANI BT ARIF.jpg', 2),
(177, 'ZAINUDDIN BIN MOHD ARIFFIN', '740525715089', '', '0', '2252', 'TETAP', 'H11', '0000-00-00', 'TIDAK', 'ATLET', 'K028', 'images/peserta/1482368340-ZAINUDDIN BIN MOHD ARIFFIN.jpg', 2),
(178, 'YUZANA BT YUSOFF', '740425035684', '', 'WANITA', '', 'TETAP', 'N22', '35219', 'TIDAK', 'ATLET', 'K029', 'images/peserta/1482368450-YUZANA BT YUSOFF.jpg', 2),
(179, 'RODY AZLAM BIN ABDULLAH', '770516036663', '', 'LELAKI', '1873', 'TETAP', 'N22', '0000-00-00', 'TIDAK', 'ATLET', 'K030', 'images/peserta/1482368493-RODY AZLAM BIN ABDULLAH.jpg', 2),
(180, 'MOHAMED SAYUTI BIN YAACOB', '771108035973', '', 'LELAKI', '2294', 'TETAP', 'H11', '', 'TIDAK', 'ATLET', 'K031', 'images/peserta/1482368507-MOHAMED SAYUTI BIN YAACOB.jpg', 2),
(181, 'HANANI BT NORDDIN', '770808036112', '', 'WANITA', '', 'TETAP', 'N17', '35521', 'TIDAK', 'ATLET', 'K032', 'images/peserta/1482368549-HANANI BT NORDDIN.jpg', 2),
(182, 'MOHD SHAMSULWANI BIN HASSAN', '770828036937', '', '0', '1868', 'TETAP', 'H11', '0000-00-00', 'TIDAK', 'ATLET', 'K033', 'images/peserta/1482368593-MOHD SHAMSULWANI BIN HASSAN.jpg', 2),
(183, 'MOHD KHAIRUL BIN JUSOH', '790429035521', '', 'LELAKI', '2387', 'TETAP', 'H11', '', 'TIDAK', 'ATLET', 'K034', 'images/peserta/1482368643-MOHD KHAIRUL BIN JUSOH.jpg', 2),
(184, 'SITI SARAH BT SALLEH', '810304035304', '', 'WANITA', '', 'TETAP', 'W27', '39463', 'TIDAK', 'ATLET', 'K035', 'images/peserta/1482368646-SITI SARAH BT SALLEH.jpg', 2),
(185, 'SYAMSUL RIZAL BIN OMAR', '790917035539', '', 'LELAKI', '1912', 'TETAP', 'G32', '0000-00-00', 'TIDAK', 'ATLET', 'K036', 'images/peserta/1482368682-SYAMSUL RIZAL BIN OMAR.jpg', 2),
(186, 'ANNISSA BT MASHROL', '820705035574', '', 'WANITA', '', 'TETAP', 'N17', '39965', 'TIDAK', 'ATLET', 'K037', 'images/peserta/1482368724-ANNISSA BT MASHROL.jpg', 2),
(187, 'ZAILANI BIN SALLEH', '800526035845', '', '0', '1845', 'TETAP', 'H11', '0000-00-00', 'TIDAK', 'ATLET', 'K038', 'images/peserta/1482368782-ZAILANI BIN SALLEH.jpg', 2),
(188, 'NOOR AZSYIKIN BT MOHD AZAWI', '841108086624', '', 'WANITA', '', 'TETAP', 'G41', '39387', 'TIDAK', 'ATLET', 'K039', 'images/peserta/1482368794-NOOR AZSYIKIN BT MOHD AZAWI.jpg', 2),
(189, 'MOHD AZIZI BIN ABDULLAH HALIM', '800704035611', '', 'LELAKI', '1827', 'TETAP', 'H11', '0000-00-00', 'TIDAK', 'ATLET', 'K040', 'images/peserta/1482368873-MOHD AZIZI BIN ABDULLAH HALIM.jpg', 2),
(190, 'SITI RADHIAH BT UDA SHEHOR', '841230035038', '', 'WANITA', '', 'TETAP', 'G27', '40181', 'TIDAK', 'ATLET', 'K041', 'images/peserta/1482368876-SITI RADHIAH BT UDA SHEHOR.jpg', 2),
(191, 'ZAIRUL HISHAM BIN ISHAK', '830204035559', '', 'LELAKI', '2419', 'TETAP', 'H11', '0000-00-00', 'TIDAK', 'ATLET', 'K042', 'images/peserta/1482368971-ZAIRUL HISHAM BIN ISHAK.jpg', 2),
(192, 'MUHAMMAD SUHAIRI BIN IDRIS', '830112035439', '', 'LELAKI', '2144', 'TETAP', 'H11', '', 'TIDAK', 'ATLET', 'K043', 'images/peserta/1482368993-MUHAMMAD SUHAIRI BIN IDRIS.jpg', 2),
(193, 'SITI ZAITON BT KHATIB', '890128035702', '', 'WANITA', '', 'TETAP', 'S17', '42186', 'TIDAK', 'ATLET', 'K044', 'images/peserta/1482368996-SITI ZAITON BT KHATIB.jpg', 2),
(194, 'MOHD SHAHRUDIIN BIN ISMAIL', '840328035111', '', 'LELAKI', '2366', 'TETAP', 'H11', '0000-00-00', 'TIDAK', 'ATLET', 'K045', 'images/peserta/1482369036-MOHD SHAHRUDIIN BIN ISMAIL.jpg', 2),
(195, 'NURSURIANA BT ZULKIFLI', '910919035800', '', 'WANITA', '', 'TETAP', 'N17', '42110', 'TIDAK', 'ATLET', 'K046', 'images/peserta/1482369078-NURSURIANA BT ZULKIFLI.jpg', 2),
(196, 'NORASYRAN BIN ADNAN', '830113035297', '', 'LELAKI', '1974', 'TETAP', 'H11', '', 'TIDAK', 'ATLET', 'K047', 'images/peserta/1482369105-NORASYRAN BIN ADNAN.jpg', 2),
(197, 'MOHD NAZRUL BIN MOHAMED NOR', '840415035283', '', 'LELAKI', '2106', 'TETAP', 'S17', '0000-00-00', 'TIDAK', 'ATLET', 'K048', 'images/peserta/1482369107-MOHD NAZRUL BIN MOHAMED NOR.jpg', 2),
(198, 'FATI MATUL ZAHARAH BT MOHD SHAH BERI', '920217035290', '', 'WANITA', '', 'TETAP', 'N17', '42110', 'TIDAK', 'ATLET', 'K049', 'images/peserta/1482369149-FATI MATUL ZAHARAH BT MOHD SHAH BERI.jpg', 2),
(199, 'MOHD ASIF BIN WAN ABDULLAH ZAWAWI', '850702036077', '', 'LELAKI', '2159', 'TETAP', 'H11', '0000-00-00', 'TIDAK', 'ATLET', 'K050', 'images/peserta/1482369187-MOHD ASIF BIN WAN ABDULLAH ZAWAWI.jpg', 2),
(200, 'MOHD IRWAN BIN ISA', '830427035257', '', 'LELAKI', '2092', 'TETAP', 'J17', '', 'TIDAK', 'ATLET', 'K051', 'images/peserta/1482369188-MOHD IRWAN BIN ISA.jpg', 2),
(201, 'MOHD FAISAL BIN YUSOFF', '840120035569', '', 'LELAKI', '2062', 'TETAP', 'G44', '', 'TIDAK', 'PENGURUS', 'K052', 'images/peserta/1482369282-MOHD FAISAL BIN YUSOFF.jpg', 2),
(202, 'MOHD NASIRUDDIN BIN MOHD FAUZI', '870328295463', '', 'LELAKI', '2216', 'TETAP', 'H11', '0000-00-00', 'TIDAK', 'ATLET', 'K053', 'images/peserta/1482369288-MOHD NASIRUDDIN BIN MOHD FAUZI.jpg', 2),
(203, 'NOOR RIZAN BINTI OMAR', '590812035544', '', 'WANITA', '1975', 'TETAP', 'H11', '', 'TIDAK', 'ATLET', 'K054', 'images/peserta/1482369351-NOOR RIZAN BINTI OMAR.jpg', 2),
(204, 'MUHAMAD NASRUN BIN YUSOFF', '851015035835', '', 'LELAKI', '2831', 'KONTRAK', 'H11', '', 'TIDAK', 'ATLET', 'K055', 'images/peserta/1482369400-MUHAMAD NASRUN BIN YUSOFF.jpg', 2),
(205, 'WAN MAHERAN BINTI WAN HUSSIN', '610629035218', '', 'WANITA', '1188', 'TETAP', 'G27', '', 'TIDAK', 'ATLET', 'K056', 'images/peserta/1482369463-WAN MAHERAN BINTI WAN HUSSIN.jpg', 2),
(206, 'IZANEE EFFENDY BIN ISMAIL', '870413295599', '', 'LELAKI', '2102', 'TETAP', 'W17', '0000-00-00', 'TIDAK', 'ATLET', 'K057', 'images/peserta/1482369473-IZANEE EFFENDY BIN ISMAIL.jpg', 2),
(207, 'MOHD FARIS BIN MOHD RATMIN', '880722095055', '', 'LELAKI', '2386', 'KONTRAK', 'S17', '', 'TIDAK', 'ATLET', 'K058', 'images/peserta/1482369490-MOHD FARIS BIN MOHD RATMIN.jpg', 2),
(208, 'HAMIDAH BINTI MUHAMAD', '660614035624', '', 'WANITA', '1456', 'TETAP', 'N22', '', 'TIDAK', 'ATLET', 'K059', 'images/peserta/1482369543-HAMIDAH BINTI MUHAMAD.jpg', 2),
(209, 'MOHD ROSLI BIN BONGSU', '880830035463', '', 'LELAKI', '2363', 'TETAP', 'H11', '0000-00-00', 'TIDAK', 'ATLET', 'K060', 'images/peserta/1482369544-MOHD ROSLI BIN BONGSU.jpg', 2),
(210, 'MOHD RAFIUDDIN BIN RAZALI', '890809035767', '', 'LELAKI', '2435', 'KONTRAK', 'H11', '', 'TIDAK', 'ATLET', 'K061', 'images/peserta/1482369603-MOHD RAFIUDDIN BIN RAZALI.jpg', 2),
(211, 'MUHAMMAD FARID BIN BERAHIM', '910214035923', '', 'LELAKI', '2364', 'TETAP', 'H11', '0000-00-00', 'TIDAK', 'ATLET', 'K062', 'images/peserta/1482369628-MUHAMMAD FARID BIN BERAHIM.jpg', 2),
(212, 'ROHANI BINTI NORDIN', '830104035412', '', 'WANITA', '2425', 'TETAP', 'E41', '', 'TIDAK', 'ATLET', 'K063', 'images/peserta/1482369818-ROHANI BINTI NORDIN.jpg', 2),
(213, 'HAJI ROSLI BIN HASSAN', '570711035539', '', 'LELAKI', '1326', 'TETAP', 'J48', '', 'TIDAK', 'PENGURUS', 'K064', 'images/peserta/1482369719-HAJI ROSLI BIN HASSAN.png', 2),
(214, 'CHE MOHD FAISAL BIN MOHD MAHIDEEN', '910819035061', '', 'LELAKI', '2367', 'TETAP', 'H11', '0000-00-00', 'TIDAK', 'ATLET', 'K065', 'images/peserta/1482369772-CHE MOHD FAISAL BIN MOHD MAHIDEEN.jpg', 2),
(215, 'RODZISAM BIN MUHAMAD', '661123035077', '', 'LELAKI', '1579', 'TETAP', 'H11', '', 'TIDAK', 'ATLET', 'K066', 'images/peserta/1482369794-RODZISAM BIN MUHAMAD.png', 2),
(216, 'MOHD FARIDZUAN BIN MD ZONKIFLI', '941223035927', '', 'LELAKI', '2365', 'TETAP', 'H11', '0000-00-00', 'TIDAK', 'ATLET', 'K067', 'images/peserta/1482369837-MOHD FARIDZUAN BIN MD ZONKIFLI.jpg', 2),
(217, 'MOHD SAUPI BIN YAACOB', '670118035595', '', 'LELAKI', '1663', 'TETAP', 'H11', '', 'TIDAK', 'ATLET', 'K068', 'images/peserta/1482369865-MOHD SAUPI BIN YAACOB.png', 2),
(218, 'CHE MOHD FAISAL BIN MOHD MAHIDEEN', '950831035773', '', 'LELAKI', '2414', 'TETAP', 'H11', '0000-00-00', 'TIDAK', 'ATLET', 'K069', 'images/peserta/1482369927-CHE MOHD FAISAL BIN MOHD MAHIDEEN.jpg', 2),
(219, 'NORHISHAM BIN ABDULLAH', '700102036993', '', 'LELAKI', '1748', 'TETAP', 'H11', '', 'TIDAK', 'ATLET', 'K070', 'images/peserta/1482369940-NORHISHAM BIN ABDULLAH.png', 2),
(220, 'NORHAYATI BINTI MOHAMED', '670417035552', '', 'WANITA', '1726', 'TETAP', 'N22', '', 'TIDAK', 'ATLET', 'K071', 'images/peserta/1482370001-NORHAYATI BINTI MOHAMED.jpg', 2),
(221, 'MOHD AZMI BIN MAMAT @ HASHIM', '710531035485', '', 'LELAKI', '1647', 'TETAP', 'H11', '', 'TIDAK', 'ATLET', 'K072', 'images/peserta/1482370035-MOHD AZMI BIN MAMAT @ HASHIM.png', 2),
(222, 'RAMDZAN BIN AWANG @ SALLEH', '711117035479', '', 'LELAKI', '2008', 'TETAP', 'H11', '', 'TIDAK', 'ATLET', 'K073', 'images/peserta/1482370117-RAMDZAN BIN AWANG @ SALLEH.png', 2),
(223, 'ROHAIDA BINTI MOHD RAHIM', '830701035138', '', 'WANITA', '2262', 'TETAP', 'J41', '', 'TIDAK', 'PENGURUS', 'K074', 'images/peserta/1482370187-ROHAIDA BINTI MOHD RAHIM.jpg', 2),
(224, 'MOHD SUGIMAN BIN JOHARI', '721015035485', '', 'LELAKI', '1835', 'TETAP', 'H11', '', 'TIDAK', 'ATLET', 'K075', 'images/peserta/1482370201-MOHD SUGIMAN BIN JOHARI.png', 2),
(225, 'RASHIDAH BINTI ISHAK', '590201035342', '', 'WANITA', '1301', 'TETAP', 'W44', '0000-00-00', 'TIDAK', 'ATLET', 'K076', 'images/peserta/1482370286-RASHIDAH BINTI ISHAK.jpg', 2),
(226, 'MOHD ZAIDIN BIN ABDULLAH', '730727035875', '', 'LELAKI', '1978', 'TETAP', 'J17', '', 'TIDAK', 'ATLET', 'K077', 'images/peserta/1482370293-MOHD ZAIDIN BIN ABDULLAH.png', 2),
(227, 'ZULKIFLI BIN DAUD', '730728035623', '', 'LELAKI', '2313', 'TETAP', 'H11', '', 'TIDAK', 'ATLET', 'K078', 'images/peserta/1482370374-ZULKIFLI BIN DAUD.png', 2),
(228, 'SHAM BIN OMAR', '700906035523', '', 'LELAKI', '1723', 'TETAP', 'H22', '', 'TIDAK', 'ATLET', 'K079', 'images/peserta/1482370375-SHAM BIN OMAR.jpg', 2),
(229, 'TAJUDIN BIN JAAFAR', '610724035267', '', 'LELAKI', '1338', 'TETAP', 'G27', '0000-00-00', 'TIDAK', 'PENGURUS', 'K080', 'images/peserta/1482370389-TAJUDIN BIN JAAFAR.jpg', 2),
(230, 'MAZLAN BIN REJAB', '800310115109', '', 'LELAKI', '1900', 'TETAP', 'H17', '', 'TIDAK', 'ATLET', 'K081', 'images/peserta/1482370453-MAZLAN BIN REJAB.jpg', 2),
(231, 'WAN MOHD NOR BIN WAN MAT', '621008035569', '', 'LELAKI', '1258', 'TETAP', 'G27', '0000-00-00', 'TIDAK', 'ATLET', 'K082', 'images/peserta/1482370468-WAN MOHD NOR BIN WAN MAT.jpg', 2),
(232, 'MOHAMAD AZHAN BIN SHUKRY', '820106035353', '', 'LELAKI', '1989', 'TETAP', 'JA 29', '', 'TIDAK', 'PENGURUS', 'K083', 'images/peserta/1482370533-MOHAMAD AZHAN BIN SHUKRY.jpg', 2),
(233, 'HAMZAH BIN MAT', '640705035701', '', 'LELAKI', '1635', 'TETAP', 'H17', '0000-00-00', 'TIDAK', 'ATLET', 'K084', 'images/peserta/1482370553-HAMZAH BIN MAT.jpg', 2),
(234, 'ZAWAHIR BINTI ZAKARIA', '640811035844', '', 'WANITA', '1102', 'TETAP', 'J22', '0000-00-00', 'TIDAK', 'ATLET', 'K085', 'images/peserta/1482370620-ZAWAHIR BINTI ZAKARIA.jpg', 2),
(235, 'MUHAMMAD SAFUAN BIN MANSOR', '851020035741', '', 'LELAKI', '2157', 'TETAP', 'H11', '', 'TIDAK', 'ATLET', 'K086', 'images/peserta/1482370674-MUHAMMAD SAFUAN BIN MANSOR.jpg', 2),
(236, 'MUHAMAD BIN CHE SOH', '650609035567', '', 'LELAKI', '1371', 'TETAP', 'R22', '0000-00-00', 'TIDAK', 'ATLET', 'K087', 'images/peserta/1482370790-MUHAMAD BIN CHE SOH.jpg', 2),
(237, 'MOHAMED AZAMI BIN MOHAMAD SALLEH', '651120086179', '', 'LELAKI', '2388', 'TETAP', 'H11', '0000-00-00', 'TIDAK', 'ATLET', 'K088', 'images/peserta/1482370855-MOHAMED AZAMI BIN MOHAMAD SALLEH.jpg', 2),
(238, 'WAN MOHD TAUFIK BIN WAN ZAHARI', '860116035273', '', 'LELAKI', '2236', 'TETAP', 'G27', '', 'TIDAK', 'ATLET', 'K089', 'images/peserta/1482370863-WAN MOHD TAUFIK BIN WAN ZAHARI.jpg', 2),
(239, 'ZAINUDDIN BIN AHMED', '591027035121', '', 'LELAKI', '1232', 'TETAP', 'E44', '', 'TIDAK', 'ATLET', 'K090', 'images/peserta/1482370863-ZAINUDDIN BIN AHMED.jpg', 2),
(240, 'ZAINUDDIN BIN MAHMOOD', '660718035303', '', 'LELAKI', '1596', 'TETAP', 'H11', '0000-00-00', 'TIDAK', 'ATLET', 'K091', 'images/peserta/1482370930-ZAINUDDIN BIN MAHMOOD.jpg', 2),
(241, 'TUAN MOHD FAIZ BIN TUAN ZAINAL ABIDIN', '860316295117', '', 'LELAKI', '1995', 'TETAP', 'H11', '', 'TIDAK', 'ATLET', 'K092', 'images/peserta/1482370942-TUAN MOHD FAIZ BIN TUAN ZAINAL ABIDIN.jpg', 2),
(242, 'AZLAN BIN ALWI', '610320035583', '', 'LELAKI', '1603', 'TETAP', 'H11', '', 'TIDAK', 'ATLET', 'K093', 'images/peserta/1482370996-AZLAN BIN ALWI.jpg', 2),
(243, 'NIK MUSALINA BINTI MUSTAFA', '670224035062', '', 'WANITA', '2111', 'TETAP', 'S17', '0000-00-00', 'TIDAK', 'ATLET', 'K094', 'images/peserta/1482371026-NIK MUSALINA BINTI MUSTAFA.jpg', 2),
(244, 'MOHD YUSOFF BIN MD SHARIFF', '860919295773', '', 'LELAKI', '2105', 'TETAP', 'J17', '', 'TIDAK', 'ATLET', 'K095', 'images/peserta/1482371030-MOHD YUSOFF BIN MD SHARIFF.jpg', 2),
(245, 'ISMAIL BIN YUSOFF', '640313035331', '', 'LELAKI', '1322', 'TETAP', 'H17', '', 'TIDAK', 'ATLET', 'K096', 'images/peserta/1482371080-ISMAIL BIN YUSOFF.jpg', 2),
(246, 'NOOR AZIZAH BINTI MAMAT', '680105025872', '', 'WANITA', '1588', 'TETAP', 'N17', '0000-00-00', 'TIDAK', 'ATLET', 'K097', 'images/peserta/1482371108-NOOR AZIZAH BINTI MAMAT.jpg', 2),
(247, 'AFINDI BIN ISHAK', '660409035895', '', 'LELAKI', '1660', 'TETAP', 'H11', '', 'TIDAK', 'ATLET', 'K098', 'images/peserta/1482371164-AFINDI BIN ISHAK.jpg', 2),
(248, 'SITI SULIZA BINTI SUHAIMI', '860114295450', '', 'WANITA', '2232', 'TETAP', 'G27', '0000-00-00', 'TIDAK', 'ATLET', 'K099', 'images/peserta/1482371190-SITI SULIZA BINTI SUHAIMI.jpg', 2),
(249, 'WAN MOHD ZULKEFLI BIN WAN ISMAIL', '670403035395', '', 'LELAKI', '1419', 'TETAP', 'H17', '', 'TIDAK', 'ATLET', 'K100', 'images/peserta/1482371235-WAN MOHD ZULKEFLI BIN WAN ISMAIL.jpg', 2),
(250, 'RAHIM BIN ISA', '570805035759', '', 'LELAKI', '900', 'TETAP', 'J44', '', 'TIDAK', 'ATLET', 'K101', 'images/peserta/1482371285-RAHIM BIN ISA.jpg', 2),
(251, 'AMRAN BIN MAT', '730609035209', '', 'LELAKI', '1896', 'TETAP', 'H17', '', 'TIDAK', 'ATLET', 'K102', 'images/peserta/1482371320-AMRAN BIN MAT.jpg', 2),
(252, 'NIK ABDUL MALIK BIN NIK YUSOFF', '580816035243', '', 'LELAKI', '579', 'TETAP', 'N17', '', 'TIDAK', 'ATLET', 'K103', 'images/peserta/1482371366-NIK ABDUL MALIK BIN NIK YUSOFF.jpg', 2),
(253, 'CHE LAH BIN CHE DAUD', '580520035869', '', 'LELAKI', '1350', 'TETAP', 'H11', '0000-00-00', 'TIDAK', 'ATLET', 'K104', 'images/peserta/1482371391-CHE LAH BIN CHE DAUD.jpg', 2),
(254, 'LISDA ELLYZA @ LILY BT MOHD ZAID', '760812035763', '', 'WANITA', '1980', 'TETAP', 'H11', '', 'TIDAK', 'ATLET', 'K105', 'images/peserta/1482371391-LISDA ELLYZA @ LILY BT MOHD ZAID.jpg', 2),
(255, 'ZULKIFLI BIN DOLLAH', '790801035481', '', 'LELAKI', '2248', 'TETAP', 'H17', '', 'TIDAK', 'ATLET', 'K106', 'images/peserta/1482371452-ZULKIFLI BIN DOLLAH.jpg', 2),
(256, 'MAT ZUKI BIN NOR', '640310035379', '', 'LELAKI', '1462', 'TETAP', 'JA29', '', 'TIDAK', 'ATLET', 'K107', 'images/peserta/1482371453-MAT ZUKI BIN NOR.jpg', 2),
(257, 'MANSOR BIN ISA', '580723035455', 'TETAP', 'LELAKI', '914', 'TETAP', 'H11', '0000-00-00', 'TIDAK', 'PENGURUS', 'K108', 'images/peserta/1482371509-MANSOR BIN ISA.jpg', 2),
(258, 'AHMAD FADIR BIN ABDULLAH', '641202035245', '', 'LELAKI', '1466', 'TETAP', 'J22', '', 'TIDAK', 'ATLET', 'K109', 'images/peserta/1482371514-AHMAD FADIR BIN ABDULLAH.jpg', 2),
(259, 'MOHD TAHA BIN WAN HASSAN', '810213035379', '', 'LELAKI', '2305', 'TETAP', 'H17', '', 'TIDAK', 'ATLET', 'K110', 'images/peserta/1482371535-MOHD TAHA BIN WAN HASSAN.jpg', 2),
(260, 'AHMAD TARMIZI BIN SALLEH', '650226035869', '', 'LELAKI', '1677', 'TETAP', 'H11', '0000-00-00', 'TIDAK', 'ATLET', 'K111', 'images/peserta/1482371586-AHMAD TARMIZI BIN SALLEH.jpg', 2),
(261, 'NORBAIZURA BT KAMARUZAMAN', '810625035428', '', 'WANITA', '1972', 'TETAP', 'N17', '', 'TIDAK', 'ATLET', 'K112', 'images/peserta/1482371618-NORBAIZURA BT KAMARUZAMAN.jpg', 2),
(262, 'MOHD IZANI BIN ISMAIL', '651114035367', '', 'LELAKI', '1373', 'TETAP', 'H22', '', 'TIDAK', 'ATLET', 'K113', 'images/peserta/1482371646-MOHD IZANI BIN ISMAIL.jpg', 2),
(263, 'MOHD NASIR BIN ABAS', '670924035071', '', 'LELAKI', '2165', 'TETAP', 'H11', '0000-00-00', 'TIDAK', 'ATLET', 'K114', 'images/peserta/1482371661-MOHD NASIR BIN ABAS.jpg', 2),
(264, 'NAZLINONI BT CHE RUSLI', '840106035992', '', 'WANITA', '2225', 'TETAP', 'N11', '', 'TIDAK', 'ATLET', 'K115', 'images/peserta/1482371691-NAZLINONI BT CHE RUSLI.jpg', 2),
(265, 'ROZILAWATI', '660821035010', '', 'WANITA', '1943', 'TETAP', 'N17', '', 'TIDAK', 'ATLET', 'K116', 'images/peserta/1482371711-ROZILAWATI.jpg', 2),
(266, 'JAILANI BIN SAID', '680803035349', '', 'LELAKI', '1621', 'TETAP', 'H11', '0000-00-00', 'TIDAK', 'ATLET', 'K117', 'images/peserta/1482371775-JAILANI BIN SAID.jpg', 2),
(267, 'MUHAMMAD AFIQ BIN KAMARUDDIN', '841218035718', '', 'LELAKI', '2380', 'TETAP', 'H11', '', 'TIDAK', 'ATLET', 'K118', 'images/peserta/1482371779-MUHAMMAD AFIQ BIN KAMARUDDIN.jpg', 2),
(268, 'ROSMAN BIN RAMLI', '681221035263', '', 'LELAKI', '1605', 'TETAP', 'H11', '', 'TIDAK', 'ATLET', 'K119', 'images/peserta/1482371786-ROSMAN BIN RAMLI.jpg', 2),
(269, 'AMRAN BIN MAT NAWI', '730907035379', '', 'LELAKI', '1777', 'TETAP', 'H11', '0000-00-00', 'TIDAK', 'ATLET', 'K120', 'images/peserta/1482371843-AMRAN BIN MAT NAWI.jpg', 2),
(270, 'NORAZAMI BIN HUSSIN', '710123035067', '', 'LELAKI', '1747', 'TETAP', 'J22', '', 'TIDAK', 'ATLET', 'K121', 'images/peserta/1482371858-NORAZAMI BIN HUSSIN.jpg', 2),
(271, 'NUR AYOO BT ABDULLAH', '860813035716', '', 'WANITA', '2344', 'TETAP', 'S17', '', 'TIDAK', 'ATLET', 'K122', 'images/peserta/1482371880-NUR AYOO BT ABDULLAH.jpg', 2),
(272, 'ANIES BIN MOHAMAD NOR', '790729035049', '', 'LELAKI', '2055', 'TETAP', 'J44', '', 'TIDAK', 'PENGURUS', 'K123', 'images/peserta/1482371917-ANIES BIN MOHAMAD NOR.jpg', 2),
(273, 'AHMAD BADRI BIN AB. MUTALIB', '880315035485', '', 'LELAKI', '2324', 'TETAP', 'H17', '', 'TIDAK', 'ATLET', 'K124', 'images/peserta/1482371946-AHMAD BADRI BIN AB. MUTALIB.jpg', 2),
(274, 'MUHAMAD TARMIZI BIN YA', '770111035603', '', 'LELAKI', '1830', 'TETAP', 'J17', '0000-00-00', 'TIDAK', 'ATLET', 'K125', 'images/peserta/1482371953-MUHAMAD TARMIZI BIN YA.jpg', 2),
(275, 'NIK NUR ADLINA BINTI NIK MOHD YUSOFF', '870114035405', '', 'WANITA', '2403', 'TETAP', 'N17', '', 'TIDAK', 'ATLET', 'K126', 'images/peserta/1482371994-NIK NUR ADLINA BINTI NIK MOHD YUSOFF.jpg', 2),
(276, 'MOHD AMIRUL SAIDI BIN ABU BAKAR', '800208035085', '', 'LELAKI', '1904', 'TETAP', 'H17', '0000-00-00', 'TIDAK', 'ATLET', 'K127', 'images/peserta/1482372029-MOHD AMIRUL SAIDI BIN ABU BAKAR.jpg', 2),
(277, 'NORASIKIN BT MAT GHANI', '910413035352', '', 'WANITA', '2301', 'TETAP', 'S17', '', 'TIDAK', 'ATLET', 'K128', 'images/peserta/1482372037-NORASIKIN BT MAT GHANI.jpg', 2),
(278, 'MOHD SHAHRUL BIN ALIAS', '900319115381', '', 'LELAKI', '2337', 'TETAP', 'G27', '', 'TIDAK', 'ATLET', 'K129', 'images/peserta/1482372086-MOHD SHAHRUL BIN ALIAS.jpg', 2),
(279, 'MOHD AZMAN BIN YA', '820721035071', '', 'LELAKI', '2172', 'TETAP', 'H11', '0000-00-00', 'TIDAK', 'ATLET', 'K130', 'images/peserta/1482372132-MOHD AZMAN BIN YA.jpg', 2);
INSERT INTO `peserta` (`id`, `nama`, `nokp`, `notel`, `jantina`, `noPekerja`, `tarafJawatan`, `gredJawatan`, `tarikhLantikan`, `vege`, `role`, `noAtlet`, `photo`, `agensi_id`) VALUES
(280, 'MOHD FAIZANI HISHAM BIN MOHD MONI', '840615035771', '', 'LELAKI', '2278', 'TETAP', 'J17', '0000-00-00', 'TIDAK', 'ATLET', 'K131', 'images/peserta/1482372202-MOHD FAIZANI HISHAM BIN MOHD MONI.jpg', 2),
(281, 'MOHD ADIB BIN HAJI DIN', '850902036223', '', 'LELAKI', '2362', 'TETAP', 'H11', '0000-00-00', 'TIDAK', 'ATLET', 'K132', 'images/peserta/1482372275-MOHD ADIB BIN HAJI DIN.jpg', 2),
(282, 'MAZLAN BIN CHE ALI', '860718295777', '', 'LELAKI', '2361', 'TETAP', 'H11', '0000-00-00', 'TIDAK', 'ATLET', 'K133', 'images/peserta/1482372345-MAZLAN BIN CHE ALI.jpg', 2),
(283, 'MALEK FAQIMI BIN IDRIS', '860829035139', '', 'LELAKI', '2265', 'TETAP', 'H11', '0000-00-00', 'TIDAK', 'ATLET', 'K134', 'images/peserta/1482372405-MALEK FAQIMI BIN IDRIS.jpg', 2),
(284, 'DATO'' DR. KAMARUDIN B. MD. ISA', '570401086461', '0123445854', 'LELAKI', '10125821', 'TETAP', 'VU 5', '03051982', 'TIDAK', 'ATLET', 'V001', 'images/peserta/1482392484-DATO'' DR. KAMARUDIN B. MD. ISA.jpg', 10),
(285, 'RAZAK B. PAON', '600101016925', '', 'LELAKI', '600101016925', 'TETAP', 'G19', '01121979', 'TIDAK', 'ATLET', 'V002', 'images/peserta/1482391896-RAZAK B. PAON.jpg', 10),
(287, 'SOFFIAN B. KAMARUZAMAN', '630421086153', '', 'LELAKI', '630421086153', 'TETAP', 'H11', '01041984', 'TIDAK', 'ATLET', 'V004', 'images/peserta/1482392223-SOFFIAN B. KAMARUZAMAN.jpg', 10),
(289, 'ZULKEFLE B. AHMAD', '630213715613', '', 'LELAKI', '4580601', 'TETAP', 'G36', '01071986', 'TIDAK', 'ATLET', 'V005', 'images/peserta/1482393782-ZULKEFLE B. AHMAD.jpg', 10),
(290, 'DR. MOHD RAZI B. ABDULLAH', '720928115063', '', 'LELAKI', '101246', 'TETAP', 'GV48', '18011995', 'TIDAK', 'ATLET', 'V006', 'images/peserta/1482393843-DR.MOHD RAZI B. ABDULLAH.jpg', 10),
(291, 'JAMANURI B. OTHMAN', '651123086123', '', 'LELAKI', '04587861', 'TETAP', 'N14', '15051991', 'TIDAK', 'ATLET', 'V007', 'images/peserta/1482393924-JAMANURI B. OTHMAN.jpg', 10),
(292, 'AHMAD B. ZAINAL ABIDIN', '66080105765', '', 'LELAKI', '66080105765', 'TETAP', 'G29', '01071986', 'TIDAK', 'ATLET', 'V008', 'images/peserta/1482393982-AHMAD B. ZAINAL.JPG', 10),
(293, 'DR. ZURINA BT. RAMLI', '741016025092', '', 'WANITA', '14573638', 'TETAP', 'GV48', '01032005', 'TIDAK', 'ATLET', 'V009', 'images/peserta/1482394109-DR. ZURINA BT. RAMLI.jpg', 10),
(294, 'ANIS AZIRA BT. ZAKARIA', '690406035272', '', 'WANITA', '04589727', 'TETAP', 'N19', '07101991', 'TIDAK', 'ATLET', 'V010', 'images/peserta/1482394196-ANSI AZIRA BT. ZAKARIA.jpg', 10),
(295, 'SITI NUR BINTI AHMAD', '791112095002', '0177001211', 'WANITA', '20030711', 'TETAP', 'G44', '11092011', 'TIDAK', 'ATLET', 'N006', 'images/peserta/1482394566-SITI NUR BINTI AHMAD.png', 14),
(296, 'FAZILA BT. HASSAN', '770912145730', '', 'WANITA', '770912145730', 'TETAP', 'G29', '01012001', 'TIDAK', 'ATLET', 'V011', 'images/peserta/1482394308- FAZILA BT. HASSAN.JPG', 10),
(298, 'ABDUL AZIZ BIN IBRAHIM', '720825115351', '0122625834', 'LELAKI', '11003084', 'TETAP', 'G22', '01101997', 'TIDAK', 'ATLET', 'N007', 'images/peserta/1482395110-ABDUL AZIZ BIN IBRAHIM.jpg', 14),
(300, 'ROHAIMISHAH BINTI CHE ME', '790922095034', '01117652956', 'WANITA', '11570066', 'TETAP', 'G29', '03102001', 'TIDAK', 'ATLET', 'N008', 'images/peserta/1482395652-ROHAIMISHAH BINTI CHE ME.jpg', 14),
(301, 'FAEZAH BINTI MOHAMED ASRI', '870403015418', '0167733474', 'WANITA', '20095081', 'TETAP', 'G29', '12112007', 'TIDAK', 'ATLET', 'N009', 'images/peserta/1482395799-FAEZAH BINTI MOHAMED ASRI.jpg', 14),
(302, 'KHAZANA IBRAHIM', '720528035670', '0126016669', 'WANITA', '11006467', 'TETAP', 'G52', '1.3.2000', 'TIDAK', 'ATLET', 'A001', 'images/peserta/1482450160-KHAZANA IBRAHIM.png', 4),
(303, 'NORZIANTI BINTI ABU DAYAN', '830119016564', '0126220230', 'WANITA', '20229677', 'TETAP', 'N19', '28052009', 'TIDAK', 'ATLET', 'A002', 'images/peserta/1482452189-NORZIANTI BINTI ABU DAYAN.png', 4),
(304, 'SAMSUL BAHRI B. MOHDER', '640608105501', '', 'LELAKI', '04599783', 'TETAP', 'G32', '18081986', 'TIDAK', 'PENGURUS', 'V013', 'images/peserta/1482453480-SAMSUL BAHRI B. MOHDER.jpg', 10),
(305, 'RUHMA@ZULKIFLI B. HUSIN', '710101115111', '', 'LELAKI', '710101115111', 'TETAP', 'G11', '20022006', 'TIDAK', 'ATLET', 'V014', 'images/peserta/1482453555-RUHMA@ZULKIFLI B. HUSIN.jpg', 10),
(306, 'TENGKU KAMARUDIN B. RAJA ABD. RAHMAN', '650811035421', '', 'LELAKI', '09859539', 'TETAP', 'G11', '02061993', 'TIDAK', 'ATLET', 'V015', 'images/peserta/1482453617-TENGKU KAMARUDIN B. RAJA ABD. RAHMAN.jpg', 10),
(307, 'ABD.ZAMRI B. ABD. KHANI', '700520025787', '', 'LELAKI', '20043796', 'TETAP', 'KP22', '01032007', 'TIDAK', 'ATLET', 'V016', 'images/peserta/1482455673-ABD.ZAMRI B. ABD. KHANI.jpg', 10),
(308, 'MOHAMMAD B. SHARIF', '691218116357', '', 'LELAKI', '04588109', 'TETAP', 'PT N17', '15071991', 'TIDAK', 'ATLET', 'V017', 'images/peserta/1482455985-MOHAMMAD B. SHARIF.jpg', 10),
(309, 'MOHD RAFEE B. MOHD YUSOF', '620302045317', '', 'LELAKI', '', 'TETAP', 'G36', '25021985', 'TIDAK', 'ATLET', 'V018', 'images/peserta/1482456075-MOHD RAFEE B. MOHD YUSOF.jpg', 10),
(310, 'MOHAMMAD SHAIFUDDIN B. ABDUL MANAF', '750628025063', '', 'LELAKI', '750628025063', 'TETAP', 'H11', '01082007', 'TIDAK', 'ATLET', 'V019', 'images/peserta/1482456147-MOHAMMAD SHAIFUDDIN B. ABDUL MANAF.jpg', 10),
(311, 'MUHAMMAD SHAFIK BIN MUKTI', '871010055173', '0169192067', 'LELAKI', '871010055173', 'TETAP', 'G29', '', 'TIDAK', 'ATLET', 'V020', 'images/peserta/1482456200-MUHAMMAD SHAFIK.jpg', 10),
(312, 'SITI ROSIAH BT. AHMAD', '790217045074', '0122107942', 'WANITA', '11006277', 'TETAP', 'N22', '06121999', 'TIDAK', 'ATLET', 'V021', 'images/peserta/1482457302-SITI ROSIAH BT. AHMAD.jpg', 10),
(313, 'MOHD SAZLI B. SUMARI', '781112145277', '', 'LELAKI', '10163814', 'TETAP', 'N19', '17072014', 'TIDAK', 'ATLET', 'V022', 'images/peserta/1482457418-MOHD SAZLI B. SUMARI.jpg', 10),
(314, 'MAISYARAH BT. MOHD NOOR', '830925086698', '', 'WANITA', '14572119', 'TETAP', 'W29', '32112004', 'TIDAK', 'ATLET', 'V023', 'images/peserta/1482457547-MAISYARAH BT. MOHD NOOR.jpg', 10),
(315, 'NURUL AINA BT. ABDULLAH', '870913025800', '', 'WANITA', '870913025800', 'TETAP', 'G29', '18102010', 'TIDAK', 'ATLET', 'V024', 'images/peserta/1482457609-NURUL AINA BT. ABDULLAH.jpg', 10),
(316, 'HARNANI BT. HUSIN', '800429025258', '', 'WANITA', '11569969', 'TETAP', 'G29', '08102001', 'TIDAK', 'ATLET', 'V025', 'images/peserta/1482457683-HARNANI BT. HUSIN.jpg', 10),
(317, 'NORYUSZAILA BT. ZAINON', '861028095158', '', 'WANITA', '861028095158', 'TETAP', 'N19', '10122007', 'TIDAK', 'ATLET', 'V026', 'images/peserta/1482457751-NORYUSZAILA BT. ZAINON.jpg', 10),
(318, 'NOR ZAKIAH BT. HARUN@ABDUL RAHMAN', '821212065294', '', 'WANITA', '14578256', 'TETAP', 'G29', '06022006', 'TIDAK', 'ATLET', 'V027', 'images/peserta/1482457814-NOR ZAKIAH BT. HARUN@ABDUL RAHMAN.jpg', 10),
(319, 'NUR AZURA BT. GAHARI', '800923095200', '', 'WANITA', '14573745', 'TETAP', 'G29', '26012005', 'TIDAK', 'ATLET', 'V028', 'images/peserta/1482457879-NUR AZURA BT. GAHARI.jpg', 10),
(320, 'RAZIZUL B. EMBONG@RAZAK', '790417115305', '0173492542', 'LELAKI', '', 'TETAP', 'H11', '01-032010', 'TIDAK', 'PENGURUS', 'V029', 'images/peserta/1482461170-RAZIZUL B. EMBONG@RAZAK.jpg', 10),
(321, 'MOHAMAD HAFIZ B. HUSIN', '851004065975', '', 'LELAKI', '851004065975', 'TETAP', 'G29', '01012008', 'TIDAK', 'ATLET', 'V030', 'images/peserta/1482461240-MOHAMAD HAFIZ B. HUSIN.jpg', 10),
(322, 'MOHAMAD SYAZWAN FIKRIE B. MOHAMAD DAUD', '891212065263', '', 'LELAKI', '96463', 'TETAP', 'N27', '01102012', 'TIDAK', 'ATLET', 'V031', 'images/peserta/1482461879-MOHAMAD SYAZWAN FIKRIE B. MOHAMAD DAUD.jpg', 10),
(323, 'MOHD  SYAFIQ B. AMRAN', '901130065725', '', 'LELAKI', '20290612', 'TETAP', 'H11', '01032010', 'TIDAK', 'ATLET', 'V032', 'images/peserta/1482462502-MOHD  SYAFIQ B. AMRAN.jpg', 10),
(324, 'SHAIFUL AZUAN B. SHAHARUDDIN', '830416065063', '', 'LELAKI', '830416065063', 'TETAP', 'H11', '01042009', 'TIDAK', 'ATLET', 'V033', 'images/peserta/1482462823-SHAIFUL AZUAN B. SHAHARUDDIN.jpg', 10),
(325, 'ZULKHAIRUL B. AB. RAHMAN', '831113035531', '', 'LELAKI', '20129270', 'TETAP', 'KP19', '02052008', 'TIDAK', 'JURULATIH', 'V034', 'images/peserta/1482463244-ZULKHAIRUL B. AB. RAHMAN.jpg', 10),
(326, 'MOHD FAUZI B. SUPANDY', '860331436029', '', 'LELAKI', '20351180', 'TETAP', 'G17', '04042011', 'TIDAK', 'ATLET', 'V035', 'images/peserta/1482464823-MOHD FAUZI B. SUPANDY.jpg', 10),
(327, 'SHAHRUL RIZAL B. MANSOR', '750421026165', '', 'LELAKI', '750421026165', 'TETAP', 'N22', '16091999', 'TIDAK', 'ATLET', 'V036', 'images/peserta/1482465308-SHAHRUL RIZAL B. MANSOR.jpg', 10),
(328, 'MUHAMMAD ARIF B. SULAIMAN', '931007105645', '', 'LELAKI', '931007105645', 'TETAP', 'G17', '01102012', 'TIDAK', 'ATLET', 'V037', 'images/peserta/1482465553-MUHAMMAD ARIF B. SULAIMAN.jpg', 10),
(329, 'NORZAIDI B. BASRI', '810429085495', '', 'LELAKI', '810429085495', 'TETAP', 'N17', '01062004', 'TIDAK', 'ATLET', 'V038', 'images/peserta/1482465626-NORZAIDI B. BASRI.jpg', 10),
(330, 'AMIROL B. ABD. RAZAK', '860602386255', '', 'LELAKI', '20306356', 'TETAP', 'H11', '01072010', 'TIDAK', 'ATLET', 'V039', 'images/peserta/1482465686-AMIROL B. ABD. RAZAK.jpg', 10),
(331, 'MUHAMAD MAHADIR B. MUKHAIYUDDIN', '840712086167', '', 'LELAKI', '840712086167', 'TETAP', 'H11', '17092015', 'TIDAK', 'ATLET', 'V040', 'images/peserta/1482465772-MUHAMAD MAHADIR B. MUKHAIYUDDIN.jpg', 10),
(332, 'MOHD  SHAH B. RIASSAN', '830601125523', '', 'LELAKI', 'F1560102', 'TETAP', 'N22', '02062011', 'TIDAK', 'ATLET', 'V041', 'images/peserta/1482465866-MOHD  SHAH B. RIASSAN.jpg', 10),
(333, 'MOHAMMAD SAH B. SAHARA', '900924137095', '', 'LELAKI', '100966', 'TETAP', 'R1', '27052013', 'TIDAK', 'ATLET', 'V042', 'images/peserta/1482466012-MOHAMMAD SAH B. SAHARA.jpg', 10),
(334, 'MOHD AL-AMIN B. MOHD YUSOF', '870511115627', '', 'LELAKI', '20424452', 'TETAP', 'H11', '17122012', 'TIDAK', 'ATLET', 'V043', 'images/peserta/1482466075-MOHD AL-AMIN B. MOHD YUSOF.jpg', 10),
(335, 'MOHD FAIZOL NIZAM B. JUSOH', '890211115287', '', 'LELAKI', '20499991', 'TETAP', 'H11', '02092014', 'TIDAK', 'ATLET', 'V044', 'images/peserta/1482466155-MOHD FAIZAOL NIZAM B. JUSOH.jpg', 10),
(336, 'CHE WAN AMIRUL ASROF B. CHE WAN ALIAS', '940914115497', '', 'LELAKI', '940914115497', 'TETAP', 'H11', '17042016', 'TIDAK', 'ATLET', 'V045', 'images/peserta/1482466236-CHE WAN AMIRUL ASROF B. CHE WAN ALIAS.jpg', 10),
(337, 'MOHAMAD HAMDI B. BERHANNORDIN', '890305026349', '', 'LELAKI', '890305026349', 'TETAP', 'G17', '19032015', 'TIDAK', 'ATLET', 'V046', 'images/peserta/1482466306-MOHAMAD HAMDI B. BERHANNORDIN.jpg', 10),
(338, 'WAFI NAZREEN B. ABD. GHANI', '920928025857', '', 'LELAKI', '920928025857', 'TETAP', 'G17', '19032015', 'TIDAK', 'ATLET', 'V047', 'images/peserta/1482466360-WAFI NAZREEN B. ABD. GHANI.jpg', 10),
(339, 'MUHAMMAD NUQMAN B. SAIFUL AZAM', '921016095179', '', 'LELAKI', '921016095179', 'TETAP', 'N17', '15122015', 'TIDAK', 'ATLET', 'V048', 'images/peserta/1482466428-MUHAMMAD NUQMAN B. SAIFUL AZAM.jpg', 10),
(340, 'AZFARINA BT. ZULKIFLI', '851009086468', '', 'WANITA', '20256551', 'TETAP', 'G29', '01102009', 'TIDAK', 'PENGURUS', 'V049', 'images/peserta/1482467568-AZFARINA BT. ZULKIFLI.jpg', 10),
(341, 'HAZLIANA BT. HASSAN', '811029035936', '', 'WANITA', '11016227', 'TETAP', 'C19', '15072003', 'TIDAK', 'ATLET', 'V050', 'images/peserta/1482467638-HAZLIANA BT. HASSAN.jpg', 10),
(342, 'NURUL FATIHA BT. AHMAD SHUHAIMY', '821029085924', '', 'WANITA', '14735625', 'TETAP', 'Q48', '02022005', 'TIDAK', 'ATLET', 'V051', 'images/peserta/1482467716-NURUL FATIHA BT. AHMAD SHUHAIMY.jpg', 10),
(343, 'ZULIA BT. MOHD  SALIM', '830222085744', '', 'WANITA', '830222085744', 'TETAP', 'G29', '02102009', 'TIDAK', 'ATLET', 'V052', 'images/peserta/1482467767-ZULIA BT. MOHD  SALIM.jpg', 10),
(344, 'NABILAH SOLIHAH BT. ISMAIL', '880218085288', '', 'WANITA', '880218085288', 'TETAP', 'G29', '13012011', 'TIDAK', 'ATLET', 'V053', 'images/peserta/1482468210-NABILAH SOLIHAH BT. ISMAIL.jpg', 10),
(345, 'NORAZLINA BT. JAMALLUDIN', '810927105508', '', 'WANITA', '810927105508', 'TETAP', 'C19', '15072003', 'TIDAK', 'ATLET', 'V054', 'images/peserta/1482468388-NORAZLINA BT. JAMALLUDIN.jpg', 10),
(346, 'NUR ADRIZA JAMIL BT. MOHD ADNAN', '860801566208', '', 'WANITA', '860801566208', 'TETAP', 'G32', '01022010', 'TIDAK', 'ATLET', 'V055', 'images/peserta/1482477201-NUR ADRIZA JAMIL BT. MOHD ADNAN.jpg', 10),
(347, 'MARLISA BT. MOHD ISA', '890223115858', '', 'WANITA', '890223115858', 'TETAP', 'G29', '17092013', 'TIDAK', 'ATLET', 'V056', 'images/peserta/1482477262-MARLISA BT. MOHD ISA.jpg', 10),
(348, 'RONEZA BT. HARUN', '840706115224', '', 'WANITA', '840706115224', 'TETAP', 'G32', '01062007', 'TIDAK', 'ATLET', 'V057', 'images/peserta/1482477307-RONEZA BT. HARUN.jpg', 10),
(349, 'FARDILLA BT. REDZUAN', '750610055192', '', 'WANITA', '750610055192', 'TETAP', 'N19', '01012005', 'TIDAK', 'ATLET', 'V058', 'images/peserta/1482477361-FARDILLA BT. REDZUAN.jpg', 10),
(350, 'DR. SHAHARUL AKMAR B. TALIB', '740806085079', '', 'LELAKI', '740806085079', 'TETAP', 'GV52', '17091999', 'TIDAK', 'ATLET', 'V059', 'images/peserta/1482477595-DR.SHAHARUL AKMAR B. TALIB.jpg', 10),
(351, 'DR. YUSLAN B. SANUDDIN', '750925125271', '', 'LELAKI', '11009511', 'TETAP', 'GV48', '15052001', 'TIDAK', 'ATLET', 'V060', 'images/peserta/1482477681-DR. YUSLAN B. SANUDDIN.jpg', 10),
(352, 'ABDUL MUIS B. MAT PIAH', '890419065653', '', 'LELAKI', '20351179', 'TETAP', 'G29', '04042011', 'TIDAK', 'ATLET', 'V061', 'images/peserta/1482477756-ABDUL MUIS B. MAT PIAH.jpg', 10),
(353, 'DR. MOHD NOOR HISHAM B. MOHD HARON', '680918015807', '', 'LELAKI', '92204387', 'TETAP', 'GV54', '11121995', 'TIDAK', 'ATLET', 'V062', 'images/peserta/1482477930-DR. MOHD NOOR HISHAM B. MOHD HARON.jpg', 10),
(354, 'MOHD HOSERI B. PANJANG IBRAHIM', '620824085033', '', 'LELAKI', '620824085033', 'TETAP', 'H11', '01041992', 'TIDAK', 'ATLET', 'V063', 'images/peserta/1482478177-MOHD HOSERI B. PANJANG IBRAHIM.jpg', 10),
(355, 'KHAIRI B. ABDUL RANI', '690423086151', '', 'LELAKI', '11010147', 'TETAP', 'H11', '09102001', 'TIDAK', 'ATLET', 'V064', 'images/peserta/1482478252-KHAIRI B. ABDUL RANI.jpg', 10),
(356, 'PERIMAL  M A/L MURUGESU', '580531015687', '', 'LELAKI', '02587327', 'TETAP', 'H11', '', 'YA', 'ATLET', 'V065', 'images/peserta/1482478338-PERIMAL  M A/L MURUGESU.jpg', 10),
(357, 'NURZIA BT. ISA', '830815025042', '', 'WANITA', '20066017', 'TETAP', 'C29', '18062007', 'TIDAK', 'ATLET', 'V066', 'images/peserta/1482479108-NURZIA BT. ISA.jpg', 10),
(358, 'DR. MADIHAH RAUZA BT. AHMAD SALIMI', '800130145036', '', 'WANITA', '800130145036', 'TETAP', 'GV44', '20042009', 'TIDAK', 'ATLET', 'V067', 'images/peserta/1482479179-DR. MADIHAH RAUZA BT. AHMAD SALIMI.jpg', 10),
(359, 'NOR MUNIRAH BT. CHE OTHMAN', '831105065490', '', 'WANITA', '14574057', 'TETAP', 'G27', '21032005', 'TIDAK', 'ATLET', 'V068', 'images/peserta/1482479244-NOR MUNIRAH BT. CHE OTHMAN.jpg', 10),
(360, 'DR. NORHANA BT. AYOB', '741103025832', '', 'WANITA', '11005428', 'TETAP', 'GV52', '17091999', 'TIDAK', 'ATLET', 'V069', 'images/peserta/1482479310-DR. NORHANA BT. AYOB.jpg', 10),
(361, 'NORZEHAN B. SAIMON', '720601106157', '', 'LELAKI', '20084213', 'TETAP', 'HH11', '01072007', 'TIDAK', 'ATLET', 'V070', 'images/peserta/1482479498-NORZEHAN B. SAIMON.jpg', 10),
(362, 'MOHD ZAKI B. SHAARI', '760127086297', '', 'LELAKI', '760127086297', 'TETAP', 'H11', '01022011', 'TIDAK', 'ATLET', 'V071', 'images/peserta/1482479551-MOHD ZAKI B. SHAARI.jpg', 10),
(363, 'MOHD NOR B. HANAFIAH', '760506086107', '', 'LELAKI', '20113849', 'TETAP', 'H11', '11022008', 'TIDAK', 'ATLET', 'V072', 'images/peserta/1482479599-MOHD NOR B. HANAFIAH.jpg', 10),
(364, 'JOHARI B. HASHIM', '720118086467', '', 'LELAKI', '720118086467', 'TETAP', 'H11', '02122003', 'TIDAK', 'ATLET', 'V073', 'images/peserta/1482479661-JOHARI B. HASHIM.jpg', 10),
(365, 'MOHD  AKHIR B. MAT', '710920035043', '', 'LELAKI', '11004389', 'TETAP', 'KP22', '01111998', 'TIDAK', 'ATLET', 'V074', 'images/peserta/1482479719-MOHD  AKHIR B. MAT.jpg', 10),
(366, 'AHMAD FUZI B. ALANG ISMAIL', '771017087209', '', 'LELAKI', '1101054', 'TETAP', 'H11', '01102001', 'TIDAK', 'ATLET', 'V075', 'images/peserta/1482479776-AHMAD FUZI B. ALANG ISMAIL.jpg', 10),
(367, 'ZAINAL B. IBRAHIM', '730714086075', '', 'LELAKI', '730714086075', 'TETAP', 'H11', '02051997', 'TIDAK', 'ATLET', 'V076', 'images/peserta/1482479826-ZAINAL B. IBRAHIM.jpg', 10),
(368, 'SYED SHAFEEI B. SYED KAMARUDDIN', '640604085603', '', 'LELAKI', '640604085603', 'TETAP', 'H11', '01051993', 'TIDAK', 'ATLET', 'V077', 'images/peserta/1482479878-SYED SHAFEEI B. SYED KAMARUDDIN.jpg', 10),
(369, 'MOHD  HAFIZE B. OTHMAN', '890304595531', '', 'LELAKI', '20342084', 'TETAP', 'H11', '11012016', 'TIDAK', 'ATLET', 'V078', 'images/peserta/1482480055-MOHD  HAFIZE B. OTHMAN.jpg', 10),
(370, 'MOHD  ZAHIR B. MOHD NOOR', '740618055075', '', 'LELAKI', '740618055075', 'TETAP', 'G32', '01071996', 'TIDAK', 'ATLET', 'V079', 'images/peserta/1482480142-MOHD  ZAHIR B. MOHD NOOR.jpg', 10),
(371, 'NUR YUSOFFARUDIN B. JANTAN', '841228055689', '', 'LELAKI', '841228055689', 'TETAP', 'G29', '01072013', 'TIDAK', 'ATLET', 'V080', 'images/peserta/1482480898-NUR YUSOFFARUDIN B. JANTAN.jpg', 10),
(372, 'ABDUL HADI B. HAZIMAN', '870514145661', '', 'LELAKI', '870514145661', 'TETAP', 'G29', '16042013', 'TIDAK', 'ATLET', 'V081', 'images/peserta/1482480945-ABDUL HADI B. HAZIMAN.jpg', 10),
(373, 'MUHAMMAD IZAMIR B. AHMAD', '900226065231', '', 'LELAKI', '900226065231', 'TETAP', 'G29', '01032013', 'TIDAK', 'ATLET', 'V082', 'images/peserta/1482480999-MUHAMMAD IZAMIR B. AHMAD.jpg', 10),
(374, 'ZAIRI B. JAINUDDIN', '690113065005', '', 'LELAKI', '690113065005', 'TETAP', 'H11', '01082000', 'TIDAK', 'ATLET', 'V083', 'images/peserta/1482481072-ZAIRI B. JAINUDDIN.jpg', 10),
(375, 'ISHAK LOFTI B. ZAINAL ABIDIN', '610205035169', '', 'LELAKI', '3589827', 'TETAP', 'H11', '22041991', 'TIDAK', 'ATLET', 'V084', 'images/peserta/1482481134-ISHAK LOFTI B. ZAINAL ABIDIN.jpg', 10),
(376, 'AZAZAN B. ARIS', '731030095039', '', 'LELAKI', '731030095039', 'TETAP', 'H11', '01122008', 'TIDAK', 'ATLET', 'V085', 'images/peserta/1482481181-AZAZAN B. ARIS.jpg', 10),
(377, 'ABU BAKAR B. ISMAIL', '651013075335', '', 'LELAKI', '4589651', 'TETAP', 'G32', '07111991', 'TIDAK', 'ATLET', 'V086', 'images/peserta/1482481234-ABU BAKAR B. ISMAIL.jpg', 10),
(378, 'KHAIRIL ASWAD B. MOHD HATTAR', '850201145527', '', 'LELAKI', '850201145527', 'TETAP', 'H11', '15102014', 'TIDAK', 'ATLET', 'V087', 'images/peserta/1482481285-KHAIRIL ASWAD B. MOHD HATTAR.jpg', 10),
(379, 'MOHD SHAHERMAN B. SHAFIE', '830602065091', '', 'LELAKI', '1475512', 'TETAP', 'N22', '01072005', 'TIDAK', 'ATLET', 'V088', 'images/peserta/1482481336-MOHD SHAHERMAN B. SHAFIE.jpg', 10),
(380, 'AZARI B. AHMAD', '660316016601', '', 'LELAKI', '660316016601', 'TETAP', 'G17', '', 'TIDAK', 'ATLET', 'V089', 'images/peserta/1482481413-AZARI B. AHMAD.jpg', 10),
(381, 'MUHAMMAD NURDIN HILMI B. AB. LATHIF', '880810565563', '', 'LELAKI', '880810565563', 'TETAP', 'G29', '01022009', 'TIDAK', 'PENGURUS', 'V090', 'images/peserta/1482481560-MUHAMMAD NURDIN HILMI B. AB. LATHIF.jpg', 10),
(382, 'EDY AFANDI B. ABDULLAH', '831025105173', '', 'LELAKI', '14573679', 'TETAP', 'C38', '14032005', 'TIDAK', 'ATLET', 'V091', 'images/peserta/1482482454-EDY AFANDI B. ABDULLAH.jpg', 10),
(383, 'SHAHRIZANI B. ABD. RAHIM', '850308086367', '', 'LELAKI', '20236602', 'TETAP', 'W19', '120720009', 'TIDAK', 'ATLET', 'V092', 'images/peserta/1482482513-SHAHRIZANI B. ABD. RAHIM.jpg', 10),
(384, 'AHMAD FIRDHAUS BIN MOHAMAD', '820830016065', '0127925645', 'LELAKI', '20031292', 'TETAP', 'N19', '06112006', 'TIDAK', 'ATLET', 'N010', 'images/peserta/1482801091-AHMAD FIRDHAUS BIN MOHAMAD.png', 14),
(385, 'AMBROSE KI NDOM @ KINDAM', '790707126213', '0198867889', 'LELAKI', '20095512', 'TETAP', 'G29', '12112007', 'TIDAK', 'ATLET', 'N011', 'images/peserta/1482597863-AMBROSE KI NDOM @ KINDAM.jpg', 14),
(386, 'AHMAD FARABI BIN HAMZAH', '710105116023', '0199805171', 'LELAKI', '11003720', 'TETAP', 'G29', '02011998', 'TIDAK', 'ATLET', 'N012', 'images/peserta/1482598225-AHMAD FARABI BIN HAMZAH.jpg', 14),
(387, 'HAIRIR AKMAL BIN DAHLOT', '891212105843', '0172808476', 'LELAKI', '20425178', 'TETAP', 'H11', '18122012', 'TIDAK', 'ATLET', 'N013', 'images/peserta/1482598392-HAIRIR AKMAL BIN DAHLOT.jpg', 14),
(388, 'HASWADI BIN HASIM', '801116035409', '0132852031', 'LELAKI', '14578371', 'TETAP', 'G29', '06022006', 'TIDAK', 'ATLET', 'N014', 'images/peserta/1482631118-HASWADI BIN HASIM.jpg', 14),
(389, 'HIZZUAN BIN HASIM', '841119016373', '0177246373', 'LELAKI', '20048992', 'TETAP', 'G29', '17022010', 'TIDAK', 'ATLET', 'N015', 'images/peserta/1482598739-HIZZUAN BIN HASIM.jpg', 14),
(390, 'IKHWAN KHALIS BIN SHAHRAN', '901027126219', '0145606058', 'LELAKI', '20393609', 'TETAP', 'G29', '19042012', 'TIDAK', 'ATLET', 'N016', 'images/peserta/1482598908-IKHWAN KHALIS BIN SHAHRAN.jpg', 14),
(391, 'JAMALUDDIN BIN HASSAN', '620105015565', '0196295501', 'LELAKI', '2719201', 'TETAP', 'G29', '16121985', 'TIDAK', 'ATLET', 'N017', 'images/peserta/1482599175-JAMALUDDIN BIN HASSAN.jpg', 14),
(392, 'KHAIRUL IZHAR BIN LAFASA RAIS', '800110015277', '0133375308', 'LELAKI', '20024409', 'TETAP', 'G44', '11092006', 'TIDAK', 'ATLET', 'N018', 'images/peserta/1482599447-KHAIRUL IZHAR BIN LAFASA RAIS.jpg', 14),
(393, 'MESRAN BIN SURIP', '580417016029', '0123290626', 'LELAKI', '2349355', 'TETAP', 'G22', '18041983', 'TIDAK', 'ATLET', 'N019', 'images/peserta/1482599653-MESRAN BIN SURIP.jpg', 14),
(394, 'MOH FUZI BIN JAAFAR', '600826016025', '0177324948', 'LELAKI', '993956', 'TETAP', 'G29', '05111982', 'TIDAK', 'ATLET', 'N020', 'images/peserta/1482600179-MOH FUZI BIN JAAFAR.jpg', 14),
(395, 'MOHAMAD ARIFFIN BIN SARAILA', '730630125321', '0162987030', 'LELAKI', '11012788', 'TETAP', 'G48', '08072002', 'TIDAK', 'ATLET', 'N021', 'images/peserta/1482600384-MOHAMAD ARIFFIN BIN SARAILA.JPG', 14),
(396, 'MOHAMMAD AZMIN BIN BAHRUM', '851121015125', '0197242104', 'LELAKI', '20136582', 'TETAP', 'G29', '14052008', 'TIDAK', 'ATLET', 'N022', 'images/peserta/1482600544-MOHAMMAD AZMIN BIN BAHRUM.jpg', 14),
(397, 'MOHD ZAIDI BIN MAT ZAIN', '800315035423', '0199692378', 'LELAKI', '11569993', 'TETAP', 'G29', '03102001', 'TIDAK', 'ATLET', 'N023', 'images/peserta/1482600808-MOHD ZAIDI BIN MAT ZAIN.JPG', 14),
(398, 'MOHD AZAM BIN YAHYA', '650425035319', '0194789874', 'LELAKI', '4599585', 'TETAP', 'G36', '09031995', 'TIDAK', 'PENGURUS', 'N024', 'images/peserta/1482601026-MOHD AZAM BIN YAHYA.jpg', 14),
(399, 'MOHD IZUWAN BIN AHMAD ZUKI', '881128025817', '0133188820', 'LELAKI', '20393462', 'TETAP', 'G29', '19042012', 'TIDAK', 'ATLET', 'N025', 'images/peserta/1482601247-MOHD IZUWAN BIN AHMAD ZUKI.jpg', 14),
(400, 'MUHAMAD KHAIRUDIN BIN MAT NOR', '891209035557', '0135926090', 'LELAKI', '20413261', 'TETAP', 'G29', '15102012', 'TIDAK', 'ATLET', 'N026', 'images/peserta/1482626664-MUHAMAD KHAIRUDIN BIN MAT NOR.jpg', 14),
(401, 'MOHD. MUZAMMIR BIN MUSA', '850918135007', '0134056967', 'LELAKI', '20099659', 'TETAP', 'G29', '07122007', 'TIDAK', 'ATLET', 'N027', 'images/peserta/1482626827-MOHD. MUZAMMIR BIN MUSA.jpg', 14),
(402, 'MOHD SYAZUWAN BIN ABD JALIL', '860915235773', '0127362637', 'LELAKI', '20348751', 'TETAP', 'G41', '20022011', 'TIDAK', 'ATLET', 'N028', 'images/peserta/1482627025-MOHD SYAZUWAN BIN ABD JALIL.JPG', 14),
(403, 'MOHD YASIN BIN DAUD', '710707115167', '0129892131', 'LELAKI', '11013026', 'TETAP', 'G29', '12082002', 'TIDAK', 'ATLET', 'N029', 'images/peserta/1482627234-MOHD YASIN BIN DAUD.jpg', 14),
(404, 'MUHAMAD RAFSANJANI BIN ABDUL GHANI', '910525026039', '0124404071', 'LELAKI', '20427715', 'TETAP', 'H11', '18122012', 'TIDAK', 'ATLET', 'N030', 'images/peserta/1482627430-MUHAMAD RAFSANJANI BIN ABDUL GHANI.jpg', 14),
(405, 'MUHAMMAD ANAS BIN SHAIDIN', '871203026205', '0174169405', 'LELAKI', '20511243', 'TETAP', 'G29', '06012015', 'TIDAK', 'ATLET', 'N031', 'images/peserta/1482627588-MUHAMMAD ANAS BIN SHAIDIN.png', 14),
(406, 'MUHAMMAD SYAHDAN BIN HAMDAN', '880804495749', '0196662214', 'LELAKI', '20361435', 'TETAP', 'G29', '28072011', 'TIDAK', 'ATLET', 'N032', 'images/peserta/1482627733-MUHAMMAD SYAHDAN BIN HAMDAN.jpg', 14),
(407, 'MUSLIM BIN YAHYA', '900908065271', '0125667959', 'LELAKI', '20511220', 'TETAP', 'G29', '06012015', 'TIDAK', 'ATLET', 'N033', 'images/peserta/1482627881-MUSLIM BIN YAHYA.JPG', 14),
(408, 'NOORAINI BINTI IBRAHIM', '870926235540', '0123894512', 'WANITA', '20095080', 'TETAP', 'G29', '12112007', 'TIDAK', 'ATLET', 'N034', 'images/peserta/1482628034-NOORAINI BINTI IBRAHIM.jpg', 14),
(409, 'ABDUL QAYYUM BIN AHMAD SHAPAWI', '880326086595', '0176996794', 'LELAKI', '18728945', 'TETAP', 'G29', '01032010', 'TIDAK', 'ATLET', 'N035', 'images/peserta/1482628187-ABDUL QAYYUM BIN AHMAD SHAPAWI.JPG', 14),
(410, 'NURFAIZAHLIZA BINTI MUSTAPA', '810905095142', '0122858143', 'WANITA', '11014784', 'TETAP', 'G29', '03032003', 'TIDAK', 'ATLET', 'N036', 'images/peserta/1482628447-NURFAIZAHLIZA BINTI MUSTAPA.jpg', 14),
(411, 'NORFARKERIAH BINTI KAMARUZAMAN', '891114115052', '0148195464', 'WANITA', '20352607', 'TETAP', 'G29', '11042011', 'TIDAK', 'ATLET', 'N037', 'images/peserta/1482628642-NORFARKERIAH BINTI KAMARUZAMAN.jpg', 14),
(412, 'NOR FATMAHWATI BINTI YAKUP', '820913125582', '0126480702', 'WANITA', '20081124', 'TETAP', 'G41', '01082007', 'TIDAK', 'PENGURUS', 'N038', 'images/peserta/1482628847-NOR FATMAHWATI BINTI YAKUP.jpg', 14),
(413, 'NORIZAH BINTI REDUAN', '800825145972', '0132597176', 'WANITA', '11014933', 'TETAP', 'G29', '03032003', 'TIDAK', 'ATLET', 'N039', 'images/peserta/1482629074-NORIZAH BINTI REDUAN.png', 14),
(414, 'NORLIZA BINTI ALI', '790131015472', '01136609634', 'WANITA', '20204678', 'TETAP', 'G29', '13022009', 'TIDAK', 'ATLET', 'N040', 'images/peserta/1482629250-NORLIZA BINTI ALI.jpg', 14),
(415, 'PANG ANAK NYUKANG', '700707135417', '0138326007', 'LELAKI', '12545901', 'TETAP', 'G48', '01082000', 'TIDAK', 'ATLET', 'N041', 'images/peserta/1482629471-PANG ANAK NYUKANG.jpg', 14),
(416, 'RAMZIE BIN RAHAMI', '781123065803', '0167698483', 'LELAKI', '11569761', 'TETAP', 'G29', '05092001', 'TIDAK', 'ATLET', 'N042', 'images/peserta/1482629596-RAMZIE BIN RAHAMI.jpg', 14),
(417, 'ROFLI BIN MOHD DAUD', '780525065545', '0176247499', 'LELAKI', '11570058', 'TETAP', 'G29', '03102001', 'TIDAK', 'ATLET', 'N043', 'images/peserta/1482629758-ROFLI BIN MOHD DAUD.JPG', 14),
(418, 'ROSLAN BIN YAHYA', '790314115329', '0167512956', 'LELAKI', '11569779', 'TETAP', 'G29', '05092001', 'TIDAK', 'ATLET', 'N044', 'images/peserta/1482629911-ROSLAN BIN YAHYA.jpg', 14),
(419, 'ROSMIZI BIN JAAFAR', '800922085473', '0122497936', 'LELAKI', '20290649', 'TETAP', 'H11', '01032010', 'TIDAK', 'ATLET', 'N045', 'images/peserta/1482630139-ROSMIZI BIN JAAFAR.jpg', 14),
(420, 'ROZADIN BIN HASHIM', '700719015519', '0197895990', 'LELAKI', '11003407', 'TETAP', 'G29', '05121997', 'TIDAK', 'ATLET', 'N046', 'images/peserta/1482630317-ROZADIN BIN HASHIM.jpg', 14),
(421, 'SITI NORAIZURAH BINTI ISMAN', '811220016100', '0137663707', 'WANITA', '14582548', 'TETAP', 'G32', '16082004', 'TIDAK', 'ATLET', 'N047', 'images/peserta/1482630493-SITI NORAIZURAH BINTI ISMAN.jpg', 14),
(422, 'SUFIAN BIN ADNAN', '860419235221', '0177728283', 'LELAKI', '20296551', 'TETAP', 'G29', '19042012', 'TIDAK', 'ATLET', 'N048', 'images/peserta/1482630659-SUFIAN BIN ADNAN.JPG', 14),
(423, 'ZAHARUDIN BIN YAACOB', '591228045035', '0173073598', 'LELAKI', '855270', 'TETAP', 'G29', '22081978', 'TIDAK', 'ATLET', 'N049', 'images/peserta/1482630832-ZAHARUDIN BIN YAACOB.jpg', 14),
(424, 'ZAMRI BIN MAT NAWI', '710311035697', '01111033511', 'LELAKI', '11003498', 'TETAP', 'G29', '02021980', 'TIDAK', 'ATLET', 'N050', 'images/peserta/1482631043-ZAMRI BIN MAT NAWI.jpg', 14),
(425, 'ZAINALABIDIN BIN DOLLAH', '610401015325', '0107041834', 'LELAKI', '980581', 'TETAP', 'G29', '02021980', 'TIDAK', 'PENGURUS', 'N051', 'images/peserta/1482631304-ZAINALABIDIN BIN DOLLAH.jpg', 14),
(426, 'MOHD YASIN BIN MOHD YATIM', '600724015857', '0197594614', 'LELAKI', '3793767', 'TETAP', 'G29', '01021982', 'TIDAK', 'PENGURUS', 'N052', 'images/peserta/1482631519-MOHD YASIN BIN MOHD YATIM.jpg', 14),
(427, 'MOHD AMIR HASHIMI BIN HASSHIM', '861127355349', '0139776260', 'LELAKI', '20525940', 'TETAP', 'G29', '09032015', 'TIDAK', 'ATLET', 'N053', 'images/peserta/1482631776-MOHD AMIR HASHIMI BIN HASSHIM.jpg', 14),
(428, 'MAIZATUN NISHA BINTI MUSA', '890112086142', '0167024950', 'WANITA', '18804778', 'TETAP', 'G29', '01032010', 'TIDAK', 'ATLET', 'N054', 'images/peserta/1482635505-Maizatun Nisha binti Musa.jpg', 14),
(429, 'AHMAD TERMIZI BIN MUHAMAD NOR', '760620035557', '0139729833', 'LELAKI', '11007226', 'TETAP', 'G29', '11062000', 'TIDAK', 'ATLET', 'N055', 'images/peserta/1482637110-AHMAD TERMIZI BIN MUHAMAD NOR.jpg', 14),
(430, 'NORASYIKIN BINTI AZIZAN', '840807025236', '0134819268', 'WANITA', '20095079', 'TETAP', 'G29', '12112007', 'TIDAK', 'ATLET', 'N056', 'images/peserta/1482715544-NORASYIKIN BINTI AZIZAN.jpg', 14),
(431, 'NAEMAH BINTI MANSOR', '851021025924', '0125439900', 'WANITA', '20204397', 'TETAP', 'G29', '13022009', 'TIDAK', 'ATLET', 'N057', 'images/peserta/1482637858-NAEMAH BINTI MANSOR.jpg', 14),
(432, 'ANUWAR BIN NIK MOHD NOOR', '861015035025', '0129007160', 'LELAKI', '20524070', 'TETAP', 'G29', '09032015', 'TIDAK', 'ATLET', 'N058', 'images/peserta/1482638105-ANUWAR BIN NIK MOHD NOOR.jpg', 14),
(433, 'WAN NURSHAMIMI BINTI WAN AB GHANI', '930616035756', '0177647417', 'WANITA', '20539929', 'TETAP', 'G29', '06072015', 'TIDAK', 'ATLET', 'N059', 'images/peserta/1482638420-WAN NURSHAMIMI BINTI WAN AB GHANI.jpg', 14),
(434, 'NURUL HAFIZAH BINTI MOHAMAD', '860507436912', '0139142830', 'WANITA', '20539928', 'TETAP', 'G29', '06072015', 'TIDAK', 'ATLET', 'N060', 'images/peserta/1482638606-NURUL HAFIZAH BINTI MOHAMAD.JPG', 14),
(435, 'MOHAMAD HAKIM MOHAMAD TOEL', '881113435661', '0172506236', 'LELAKI', '20295550', 'TETAP', 'G29', '05042010', 'TIDAK', 'ATLET', 'N061', 'images/peserta/1482639933-MOHAMAD HAKIM MOHAMAD TOEL.jpg', 14),
(436, 'KHAIRUL AZMANI BIN IBRAHIM', '790724065547', '0133023055', 'LELAKI', '14575591', 'TETAP', 'G29', '15072005', 'TIDAK', 'ATLET', 'N062', 'images/peserta/1482640189-KHAIRUL AZMANI BIN IBRAHIM.jpg', 14),
(437, 'HALIMATON BINTI AB.HADZIZ', '801117045356', '0133756010', 'WANITA', '14578843', 'TETAP', 'G29', '13032006', 'TIDAK', 'ATLET', 'N063', 'images/peserta/1482640466-HALIMATON BINTI AB.HADZIZ.jpg', 14),
(438, 'TASLIA BINTI SALIM TAMILCHELVAM', '850624086404', '0196167824', 'WANITA', '20071669', 'TETAP', 'G29', '26062007', 'TIDAK', 'ATLET', 'N064', 'images/peserta/1482641868-TASLIA BINTI SALIM TAMILCHELVAM.jpg', 14),
(439, 'SEAH KUAN SIM', '570508016324', '0129797604', 'WANITA', '3801958', 'TETAP', 'G29', '15041984', 'TIDAK', 'ATLET', 'N065', 'images/peserta/1482685940-SEAH KUAN SIM.jpg', 14),
(440, 'MUHAMMAD FARID BIN ARIF', '880709235279', '0136960038', 'LELAKI', '20252868', 'TETAP', 'G29', '24082009', 'TIDAK', 'ATLET', 'N066', 'images/peserta/1482642584-MUHAMMAD FARID BIN ARIF.JPG', 14),
(441, 'RAABIATUL ADAWIAH BINTI ISHAK', '880317065768', '0132977432', 'WANITA', '20511708', 'TETAP', 'G29', '06012015', 'TIDAK', 'ATLET', 'N067', 'images/peserta/1482802413-RAABIATUL ADAWIAH BINTI ISHAK.jpg', 14),
(442, 'WAN FAREDKHANA BIN WAN ABDULLAH', '901210036297', '0167696139', 'LELAKI', '19019477', 'KONTRAK', 'G29', '01082016', 'TIDAK', 'ATLET', 'N068', 'images/peserta/1482643213-WAN FAREDKHANA BIN WAN ABDULLAH.JPG', 14),
(443, 'ABDUL MAJID BIN ATAN', '590627015381', '0196266581', 'LELAKI', '992818', 'TETAP', 'G29', '05111982', 'TIDAK', 'ATLET', 'N069', 'images/peserta/1482643380-ABDUL MAJID BIN ATAN.jpg', 14),
(444, 'KHAIRUL NIZAM BIN JAPAR', '771230055791', '0192863020', 'LELAKI', '20099235', 'TETAP', 'G29', '02012008', 'TIDAK', 'ATLET', 'N070', 'images/peserta/1482643830-KHAIRUL NIZAM BIN JAPAR.png', 14),
(445, 'RUZITA BINTI MELI', '830508035822', '0179764925', 'WANITA', '14574099', 'TETAP', 'G29', '23032005', 'TIDAK', 'ATLET', 'N071', 'images/peserta/1482643991-RUZITA BINTI MELI.JPG', 14),
(446, 'AHMAD SHAFIQ BIN YUSOFF ANUAR', '920215055191', '0197853382', 'LELAKI', '18840085', 'KONTRAK', 'G29', '01082016', 'TIDAK', 'ATLET', 'N072', 'images/peserta/1482679324-AHMAD SHAFIQ BIN YUSOFF ANUAR.png', 14),
(447, 'KHAIRUL FARHAN BIN ROSLAN', '931019086605', '0185719552', 'LELAKI', '20635870', 'KONTRAK', 'G29', '01082016', 'TIDAK', 'ATLET', 'N073', 'images/peserta/1482679576-KHAIRUL FARHAN BIN ROSLAN.jpg', 14),
(448, 'MOHAMAD ADNAN BIN SUPIRAN', '950104016939', '0109162263', 'LELAKI', '21489175', 'KONTRAK', 'G29', '01082016', 'TIDAK', 'ATLET', 'N074', 'images/peserta/1482679761-MOHAMAD ADNAN BIN SUPIRAN.jpg', 14),
(449, 'AHMAD SYAZWAN BIN AHMAD NAZRI', '901117146029', '0198848784', 'LELAKI', '21040251', 'KONTRAK', 'G29', '01082016', 'TIDAK', 'ATLET', 'N075', 'images/peserta/1482679971-AHMAD SYAZWAN BIN AHMAD NAZRI.jpg', 14),
(450, 'NUR AFIQAH BINTI KAMARUZAMAN', '960806086092', '0125845093', 'WANITA', '20365588', 'KONTRAK', 'G29', '01082016', 'TIDAK', 'ATLET', 'N076', 'images/peserta/1482714536-NUR AFIQAH BINTI KAMARUZAMAN.jpg', 14),
(451, 'NURUL AIN BINTI ABD RAZAK', '860309236338', '0135256020', 'WANITA', '20204435', 'TETAP', 'G29', '13022009', 'TIDAK', 'ATLET', 'N077', 'images/peserta/1482681089-NURUL AIN BINTI ABD RAZAK.JPG', 14),
(452, 'REZALI BIN MOHD ESA', '950116085317', '0194181240', 'LELAKI', '21403681', 'KONTRAK', 'G29', '01082016', 'TIDAK', 'ATLET', 'N078', 'images/peserta/1482681303-REZALI BIN MOHD ESA.jpg', 14),
(453, 'ROHAIZAN AMIR BIN ZAILANI', '820912015883', '0173210130', 'LELAKI', '14576557', 'TETAP', 'G29', '17122005', 'TIDAK', 'ATLET', 'N079', 'images/peserta/1482681458-ROHAIZAN AMIR BIN ZAILANI.jpg', 14),
(454, 'ZURAIDI BIN YAACUB', '710228065473', '01114469234', 'LELAKI', '11003894', 'TETAP', 'G29', '04011998', 'TIDAK', 'PENGURUS', 'N080', 'images/peserta/1482681741-ZURAIDI BIN YAACUB.jpg', 14),
(455, 'SITI ARFAH BINTI ABU SAPIYAN', '870309055042', '01121276908', 'WANITA', '20296590', 'TETAP', 'G29', '01032010', 'TIDAK', 'ATLET', 'N081', 'images/peserta/1482684806-SITI ARFAH BINTI ABU SAPIYAN.jpg', 14),
(456, 'MUHAMMAD NUR RAHHIM BIN ZAILAN', '950607115779', '0175835553', 'LELAKI', '20347009', 'KONTRAK', 'G29', '01082016', 'TIDAK', 'ATLET', 'N082', 'images/peserta/1482686018-MUHAMMAD NUR RAHHIM BIN ZAILAN.jpg', 14),
(457, 'MOHAMAD RAFFI BIN RUSLAN', '930416065637', '0143933965', 'LELAKI', '21448367', 'KONTRAK', 'G29', '01082016', 'TIDAK', 'ATLET', 'N083', 'images/peserta/1482685806-MOHAMAD RAFFI BIN RUSLAN.png', 14),
(458, 'MOHAMAD JUNAIDI BIN NOH', '591218065227', '0199825227', 'LELAKI', '1027374', 'TETAP', 'G29', '01011980', 'TIDAK', 'ATLET', 'N084', 'images/peserta/1482686570-MOHAMAD JUNAIDI BIN NOH.jpg', 14),
(459, 'MUHAMMAD MIRZA BIN ZAKARIA', '940228065143', '0139942953', 'LELAKI', '21489176', 'KONTRAK', 'G29', '01082016', 'TIDAK', 'ATLET', 'N085', 'images/peserta/1482686930-MUHAMMAD MIRZA BIN ZAKARIA.jpg', 14),
(460, 'NURUL NADIA BINTI CHE MOHD NOOR', '861120295072', '0142375939', 'WANITA', '18868308', 'KONTRAK', 'G29', '01082016', 'TIDAK', 'ATLET', 'N086', 'images/peserta/1482712225-NURUL NADIA BINTI CHE MOHD NOOR.JPG', 14),
(461, 'NUR AMIRA HAZLIANA BINTI ABDUL HALIM', '920607036264', '01115060650', 'WANITA', '21486898', 'KONTRAK', 'G29', '01082016', 'TIDAK', 'ATLET', 'N087', 'images/peserta/1482712439-NUR AMIRA HAZLIANA BINTI ABDUL HALIM.jpg', 14),
(462, 'NOR AZIELA BINTI ABDULLAH', '930806106412', '0132749565', 'WANITA', '21486902', 'KONTRAK', 'G29', '01082016', 'TIDAK', 'ATLET', 'N088', 'images/peserta/1482715613-NOR AZIELA BINTI ABDULLAH.jpg', 14),
(463, 'AZMI BIN YEOB', '761030025169', '0194401539', 'LELAKI', '20290640', 'TETAP', 'H11', '01032010', 'TIDAK', 'ATLET', 'N089', 'images/peserta/1482712908-AZMI BIN YEOB.png', 14),
(464, 'ZULKIFLY BIN DERAMAN', '721104035233', '0193036654', 'LELAKI', '11009214', 'TETAP', 'H11', '01022001', 'TIDAK', 'ATLET', 'N090', 'images/peserta/1482715082-ZULKIFLY BIN DERAMAN.jpg', 14),
(465, 'ISMAIL BIN AHMAD', '590507015723', '0139403755', 'LELAKI', '516340', 'TETAP', 'G29', '17011980', 'TIDAK', 'ATLET', 'N091', 'images/peserta/1482715281-ISMAIL BIN AHMAD.jpg', 14),
(466, 'NUR FATIN LIYANA BINTI MAT AROFF', '941001025782', '0132294303', 'WANITA', '21467300', 'KONTRAK', 'G29', '01082016', 'TIDAK', 'ATLET', 'N092', 'images/peserta/1482715905-NUR FATIN LIYANA BINTI MAT AROFF.JPG', 14),
(467, 'AZRIM BIN SULONG @ YAZID', '830406115311', '0177267110', 'LELAKI', '20511237', 'TETAP', 'G29', '06012015', 'TIDAK', 'PENGURUS', 'N093', 'images/peserta/1482716939-AZRIM BIN SULONG @ YAZID.jpg', 14),
(468, 'KHAIRI BIN ARIFF', '630909095045', '0194511800', 'LELAKI', '4580502', 'TETAP', 'G36', '01082008', 'TIDAK', 'ATLET', 'N094', 'images/peserta/1482734031-KHAIRI BIN ARIFF.jpg', 14),
(469, 'MOHAMAD NAZRUL HIZAM BIN AB. MANAF', '781203065299', '0199878624', 'LELAKI', '11004033', 'TETAP', 'G29', '16101998', 'TIDAK', 'ATLET', 'N095', 'images/peserta/1482734236-MOHAMAD NAZRUL HIZAM BIN AB. MANAF.jpg', 14),
(470, 'FARIZAK BIN MOHAMAD NOR', '700108035983', '0129278272', 'LELAKI', '20290587', 'TETAP', 'H11', '08032010', 'TIDAK', 'ATLET', 'N096', 'images/peserta/1482734894-FARIZAK BIN MOHAMAD NOR.jpg', 14),
(471, 'MOHD. NAJIB BIN SUJAK', '780218015353', '0177638284', 'LELAKI', '14577357', 'TETAP', 'G29', '01122005', 'TIDAK', 'ATLET', 'N097', 'images/peserta/1482773853-MOHD. NAJIB BIN SUJAK.png', 14),
(472, 'NORA DINAH BINTI ABDUL RAHMAN', '870817135700', '0135692008', 'WANITA', '20539938', 'TETAP', 'G29', '06072015', 'TIDAK', 'ATLET', 'N098', 'images/peserta/1482774787-NORA DINAH BINTI ABDUL RAHMAN.jpg', 14),
(473, 'MUHAMMAD YUSUFF BIN GHAZALLI', '891002146823', '0102548405', 'LELAKI', '20296499', 'TETAP', 'G29', '01032010', 'TIDAK', 'ATLET', 'N099', 'images/peserta/1482775506-MUHAMMAD YUSUFF BIN GHAZALLI.jpg', 14),
(474, 'MUHAMMAD NOR HISSYAM B. MAT SALLEH', '891113036045', '', 'LELAKI', '20337700', 'TETAP', 'G27', '17012011', 'TIDAK', 'ATLET', 'V093', 'images/peserta/1482799892-MUHAMMAD NOR HISSYAM B. MAT SALLEH.jpg', 10),
(475, 'MUHAMAD SYAMSUL NAIM B. NOORAZMI', '800504086115', '', 'LELAKI', '20302843', 'TETAP', 'Q41', '01062010', 'TIDAK', 'ATLET', 'V094', 'images/peserta/1482799960-MUHAMAD SYAMSUL NAIM B. NOORAZMI.jpg', 10),
(476, 'ABD. RASHID B. JAMALUDDIN', '900214086211', '', 'LELAKI', '20461896', 'TETAP', 'KP19', '01102014', 'TIDAK', 'ATLET', 'V095', 'images/peserta/1482800037-ABD. RASHID B. JAMALUDDIN.jpg', 10),
(477, 'MOHAMMAD SAUFI B. AZMI', '891031065141', '', 'LELAKI', '891031065141', 'TETAP', 'G29', '15072011', 'TIDAK', 'ATLET', 'V096', 'images/peserta/1482800095-MOHAMMAD SAUFI B. AZMI.jpg', 10),
(478, 'MOHD OMAR B. ABD. KADIR', '870813436127', '', 'LELAKI', '870813436127', 'TETAP', 'G17', '01102009', 'TIDAK', 'ATLET', 'V097', 'images/peserta/1482800148-MOHD OMAR B. ABD. KADIR.jpg', 10),
(479, 'MUHAMAD FAIRUS B. ALI', '940505017079', '', 'LELAKI', '940505017079', 'TETAP', 'G29', '18042016', 'TIDAK', 'ATLET', 'V098', 'images/peserta/1482800203-MUHAMAD FAIRUS B. ALI.jpg', 10),
(480, 'KAHAIRUL FAIZAL B. MOHD  NOR', '850418016853', '', 'LELAKI', '850418016853', 'TETAP', 'G19', '16042013', 'TIDAK', 'ATLET', 'V099', 'images/peserta/1482800259-KAHAIRUL FAIZAL B. MOHD  NOR.jpg', 10),
(481, 'AHMAD SYAFIQ SYUWARI B. SUBRE', '890105025577', '', 'LELAKI', '890105025577', 'TETAP', 'G19', '04011989', 'TIDAK', 'ATLET', 'V100', 'images/peserta/1482800314-AHMAD SYAFIQ SYUWARI B. SUBRE.jpg', 10),
(482, 'AHMAD SHAHROM BIN AMAT SIRIL', '700726086219', '0108437739', 'LELAKI', '11004033', 'TETAP', 'G29', '09021998', 'TIDAK', 'ATLET', 'N100', 'images/peserta/1482800646-AHMAD SHAHROM BIN AMAT SIRIL.jpg', 14),
(483, 'NORYUSLIZAWATI BT. MOHD YUSOF', '840619025108', '', 'WANITA', '14577050', 'TETAP', 'G29', '14112005', 'TIDAK', 'PENGURUS', 'V101', 'images/peserta/1482800688-NORYUSLIZAWATI BT. MOHD YUSOF.jpg', 10),
(484, 'NORFUZIANA ''ASHIKIN BT MOHD  PUZI', '820511075180', '', 'WANITA', '11012911', 'TETAP', 'G29', '12082002', 'TIDAK', 'ATLET', 'V102', 'images/peserta/1482800765-NORFUZIANA ''ASHIKIN BT MOHD  PUZI.jpg', 10),
(485, 'HAWA BT. A. GHANI', '720119015302', '', 'WANITA', '11001237', 'TETAP', 'G29', '06051996', 'TIDAK', 'ATLET', 'V103', 'images/peserta/1482800827-HAWA BT. A. GHANI.jpg', 10),
(486, 'MUNA LIANA BT. AZMI', '820630016642', '', 'WANITA', '14582589', 'TETAP', 'N19', '20052002', 'TIDAK', 'ATLET', 'V104', 'images/peserta/1482800873-MUNA LIANA BT. AZMI.jpg', 10),
(487, 'NOR AZLINA BT. MOHD  YUSOF', '800916016690', '', 'WANITA', '20066420', 'TETAP', 'N19', '28062007', 'TIDAK', 'ATLET', 'V105', 'images/peserta/1482800940-NOR AZLINA BT. MOHD  YUSOF.jpg', 10),
(488, 'ROZITA BINTI SUPERMAN', '810428105140', '0173254267', 'WANITA', '11015294', 'TETAP', 'G32', '12042003', 'TIDAK', 'ATLET', 'N101', 'images/peserta/1482801028-ROZITA BINTI SUPERMAN.png', 14),
(489, 'NUR ANIS FARHANA BT. ZOLKEPLI', '881108085548', '', 'WANITA', '881108085548', 'TETAP', 'G19', '01092012', 'TIDAK', 'ATLET', 'V106', 'images/peserta/1482801054-NUR ANIS FARHANA BT. ZOLKEPLI.jpg', 10),
(490, 'MARIANI BT. MOHAMED YUSOF', '850925086848', '', 'WANITA', '850925086848', 'TETAP', 'G29', '02012009', 'TIDAK', 'ATLET', 'V107', 'images/peserta/1482801112-MARIANI BT. MOHAMED YUSOF.jpeg', 10),
(491, 'NURUL SHIFA BT. RAMLI', '941021085088', '', 'WANITA', '941021085088', 'TETAP', 'G27', '18042016', 'TIDAK', 'ATLET', 'V108', 'images/peserta/1482801184-NURUL SHIFA BT. RAMLI.jpg', 10),
(492, 'NUR NAJIHAH BT. MOHD  ROSDI', '940728105092', '', 'WANITA', '940728105092', 'TETAP', 'G27', '18042016', 'TIDAK', 'ATLET', 'V109', 'images/peserta/1482801242-NUR NAJIHAH BT. MOHD  ROSDI.jpg', 10),
(493, 'AMAL SOLEHAH BT. AB. AZIZ', '930110146264', '', 'WANITA', '930110146264', 'TETAP', 'G29', '18042016', 'TIDAK', 'ATLET', 'V110', 'images/peserta/1482801290-''AMAL SOLEHAH BT. AB. AZIZ.jpg', 10),
(494, 'ZAHARINAN B. ABD. AZIZ', '650423055009', '', 'LELAKI', '5367750', 'TETAP', 'KP52', '01081989', 'TIDAK', 'ATLET', 'V111', 'images/peserta/1482801472-ZAHARINAN B. ABD. AZIZ.jpg', 10),
(495, 'NORHIDAYU BT. ZULKIFLI', '840227055244', '', 'WANITA', '20265390', 'TETAP', 'W29', '11102009', 'TIDAK', 'ATLET', 'V112', 'images/peserta/1482801542-NORHIDAYU BT. ZULKIFLI.jpg', 10),
(496, 'ZAIEZARA B. ZAKARIA', '670116035081', '', 'LELAKI', '670116035081', 'TETAP', 'G17', '15031995', 'TIDAK', 'ATLET', 'V113', 'images/peserta/1482801590-ZAIEZARA B. ZAKARIA.jpg', 10),
(497, 'NORBAHAR B. BAKRI', '780704055107', '', 'LELAKI', '780704055107', 'TETAP', 'H11', '07062010', 'TIDAK', 'ATLET', 'V114', 'images/peserta/1482801642-NORBAHAR B. BAKRI.jpg', 10),
(498, 'MOHD NAZRI BIN ISMAIL', '801208025283', '0125418564', 'LELAKI', '11069564', 'TETAP', 'G29', '16072003', 'TIDAK', 'ATLET', 'N102', 'images/peserta/1482801643-MOHD NAZRI BIN ISMAIL.png', 14),
(499, 'MOHD HELMY B. MAHROOB', '860509595765', '', 'LELAKI', '860509595765', 'TETAP', 'G32', '16032009', 'TIDAK', 'ATLET', 'V115', 'images/peserta/1482801688-MOHD HELMY B. MAHROOB.jpg', 10),
(500, 'KAMARIAH BT. ZAKARIA', '660602055214', '', 'WANITA', '660602055214', 'TETAP', 'G29', '15071995', 'TIDAK', 'ATLET', 'V116', 'images/peserta/1482801733-KAMARIAH BT. ZAKARIA.jpg', 10),
(501, 'JOHAN JOHARI TIKOH', '811127125011', '', 'LELAKI', '811127125011', 'TETAP', 'H11', '27102009', 'TIDAK', 'ATLET', 'V117', 'images/peserta/1482801840-JOHAN JOHARI TIKOH.jpg', 10),
(502, 'MUHAMMAD AISJULIZAM B. MOHD  ZUKI', '880618105575', '', 'LELAKI', '20446933', 'TETAP', 'H11', '01072013', 'TIDAK', 'ATLET', 'V118', 'images/peserta/1482801980-MUHAMMAD AISJULIZAM B. MOHD  ZUKI.jpg', 10),
(503, 'AMIR MUNZIR B. MOHD ZAMRI', '920705026035', '', 'LELAKI', '920705026035', 'TETAP', 'N17', '19032015', 'TIDAK', 'ATLET', 'V119', 'images/peserta/1482802026-AMIR MUNZIR B. MOHD ZAMRI.jpg', 10),
(504, 'MOHAMAD REDZUAN B. DAUD', '841210095287', '', 'LELAKI', '841210095287', 'TETAP', 'H11', '01092009', 'TIDAK', 'ATLET', 'V120', 'images/peserta/1482802073-MOHAMAD REDZUAN B. DAUD.jpg', 10),
(505, 'HAFIS B. MD. MUTAKALIMAN', '860804235535', '', 'LELAKI', '20066407', 'TETAP', 'H11', '09072007', 'TIDAK', 'ATLET', 'V121', 'images/peserta/1482802131-HAFIS B. MD. MUTAKALIMAN.jpg', 10),
(506, 'HAIRUL NIZAM B. TALIB', '811215015787', '', 'LELAKI', '20087888', 'TETAP', 'H11', '01102007', 'TIDAK', 'ATLET', 'V122', 'images/peserta/1482802178-HAIRUL NIZAM B. TALIB.jpg', 10),
(507, 'MOHD  FADLI B. ABU BAKAR', '770501015843', '', 'LELAKI', '770501015843', 'TETAP', 'G19', '16071996', 'TIDAK', 'ATLET', 'V123', 'images/peserta/1482802226-MOHD  FADLI B. ABU BAKAR.jpg', 10),
(508, 'MOHD SHAILI B. MISNAN', '800126016581', '', 'LELAKI', '800126016581', 'TETAP', 'H11', '26011980', 'TIDAK', 'ATLET', 'V124', 'images/peserta/1482802270-MOHD SHAILI B. MISNAN.jpg', 10),
(509, 'MUHAMMAD ZAMREE B. ABDUL HAMID', '911001016571', '', 'LELAKI', '911001016571', 'TETAP', 'H11', '01012014', 'TIDAK', 'ATLET', 'V125', 'images/peserta/1482802327-MUHAMMAD ZAMREE B. ABDUL HAMID.jpg', 10),
(510, 'SYAIFUL AMRI B. MAHAMMDDIN', '870826015161', '', 'LELAKI', '20337611', 'TETAP', 'H11', '10012011', 'TIDAK', 'ATLET', 'V126', 'images/peserta/1482802391-SYAIFUL AMRI B. MAHAMMDDIN.jpg', 10),
(511, 'KAMARIAH BT. MAHMUD', '590118115026', '', 'WANITA', '3686235', 'TETAP', 'N22', '23111981', 'TIDAK', 'ATLET', 'V127', 'images/peserta/1482802574-KAMARIAH BT. MAHMUD.jpg', 10),
(512, 'LATIFFAH BT. ABDULLAH', '760905045302', '', 'WANITA', '14574065', 'TETAP', 'G29', '21032005', 'TIDAK', 'ATLET', 'V128', 'images/peserta/1482802619-LATIFFAH BT. ABDULLAH.jpg', 10),
(513, 'MUKMINAH BT. ISMAIL', '820209115188', '', 'WANITA', '20038778', 'TETAP', 'N19', '21012007', 'TIDAK', 'ATLET', 'V129', 'images/peserta/1482802666-MUKMINAH BT. ISMAIL.jpg', 10),
(514, 'ROHANI BT. HASAN', '580203025018', '', 'WANITA', '580203025018', 'TETAP', 'N22', '08061981', 'TIDAK', 'ATLET', 'V130', 'images/peserta/1482802710-ROHANI BT. HASAN.jpg', 10),
(515, 'SURIATI BT. SHABUDIN', '860205075058', '', 'WANITA', '860205075058', 'TETAP', 'N19', '14072008', 'TIDAK', 'ATLET', 'V131', 'images/peserta/1482802763-SURIATI BT. SHABUDIN.jpg', 10),
(516, 'ZAKIAH BT. MAT DESA', '850213025270', '', 'WANITA', '20066019', 'TETAP', 'C27', '16062007', 'TIDAK', 'ATLET', 'V132', 'images/peserta/1482802815-ZAKIAH BT. MAT DESA.jpg', 10),
(517, 'IMRAN B. CHE YUSOF', '720917115121', '', 'LELAKI', '4592630', 'TETAP', 'H11', '01121992', 'TIDAK', 'PENGURUS', 'V133', 'images/peserta/1482802924-IMRAN B. CHE YUSOF.jpg', 10),
(518, 'MOHD ZAINUDDIN B. AZIZ', '640514115143', '', 'LELAKI', '640514115143', 'TETAP', 'G17', '14081988', 'TIDAK', 'ATLET', 'V134', 'images/peserta/1482803001-MOHD ZAINUDDIN B. AZIZ.jpg', 10),
(519, 'HJ. ALI B. ISMAIL', '580807115081', '', 'LELAKI', '580807115081', 'TETAP', 'H11', '01011983', 'TIDAK', 'ATLET', 'V135', 'images/peserta/1482803066-HJ. ALI B. ISMAIL.jpg', 10),
(520, 'JAMLUS B. AHMAD', '670417115085', '', 'LELAKI', '670417115085', 'TETAP', 'G17', '17051994', 'TIDAK', 'ATLET', 'V136', 'images/peserta/1482803106-JAMLUS B. AHMAD.jpg', 10),
(521, 'SYED ALI B. SYED ZAIN', '920918115573', '', 'LELAKI', '920918115573', 'TETAP', 'H11', '08112015', 'TIDAK', 'ATLET', 'V137', 'images/peserta/1482803143-SYED ALI B. SYED ZAIN.jpg', 10),
(522, 'MOHAMAD AKMAL B. JAMALUDIN', '790612105663', '', 'LELAKI', '790612105663', 'TETAP', 'G27', '01102004', 'TIDAK', 'ATLET', 'V138', 'images/peserta/1482803201-MOHAMAD AKMAL B. JAMALUDIN.jpg', 10),
(523, 'MUHD ADI FIKRI B. MD. JASIMIN', '870402105243', '', 'LELAKI', '870402105243', 'TETAP', 'G17', '16072013', 'TIDAK', 'ATLET', 'V139', 'images/peserta/1482803314-MUHD ADI FIKRI B. MD. JASIMIN.jpg', 10),
(524, 'NOR BT. ABU SAMAH', '870115435346', '', 'WANITA', '870115435346', 'TETAP', 'G17', '16032013', 'TIDAK', 'ATLET', 'V140', 'images/peserta/1482803430-NOR BT. ABU SAMAH.jpg', 10),
(525, 'SITI FATIMAH BT. MOHAMED ', '880613115328', '', 'WANITA', '880613115328', 'TETAP', 'G17', '15092011', 'TIDAK', 'ATLET', 'V141', 'images/peserta/1482803499-SITI FATIMAH BT. MOHAMED .jpg', 10),
(526, 'DATO'' MOHAMED RADZUAN B. MALIK', '580122065245', '', 'LELAKI', '04588240', 'TETAP', 'KP54', '15071980', 'TIDAK', 'ATLET', 'V142', 'images/peserta/1482806406-DATO'' MOHAMED RADZUAN B. MALIK.jpg', 10),
(527, 'MOHD  RIDZUAN B. CHE PA', '820111025229', '', 'LELAKI', '11013331', 'TETAP', 'N11', '17092002', 'TIDAK', 'PENGURUS', 'V143', 'images/peserta/1482806515-MOHD  RIDZUAN B. CHE PA.jpg', 10),
(528, 'MOHD NASARUDDIN B. SALLEH', '750101038239', '', 'LELAKI', '750101038239', 'TETAP', 'H11', '01032010', 'TIDAK', 'ATLET', 'V144', 'images/peserta/1482806575-MOHD NASARUDDIN B. SALLEH.jpg', 10),
(529, 'RAMLI B. ZAINAL ABIDIN', '641030025533', '', 'LELAKI', '641030025533', 'TETAP', 'H11', '', 'TIDAK', 'ATLET', 'V145', 'images/peserta/1482806623-RAMLI B. ZAINAL ABIDIN.jpg', 10),
(530, 'MOHD ZAINI B. RAMLI', '780226086709', '', 'LELAKI', '20290632', 'TETAP', 'H11', '01032010', 'TIDAK', 'ATLET', 'V146', 'images/peserta/1482806666-MOHD ZAINI B. RAMLI.jpg', 10),
(531, 'SHAIFUL ASHRAF B. MIHAT', '780509025383', '', 'LELAKI', '20306439', 'TETAP', 'H11', '01072010', 'TIDAK', 'ATLET', 'V147', 'images/peserta/1482806729-SHAIFUL ASHRAF B. MIHAT.jpg', 10),
(532, 'NORAFIZAH BT. KASA', '800506075110', '', 'WANITA', '14578793', 'TETAP', 'G29', '06022006', 'TIDAK', 'ATLET', 'V148', 'images/peserta/1482806782-NORAFIZAH BT. KASA.jpg', 10),
(533, 'SURAYA BT. MOHD  RAMLI', '691214085982', '', 'WANITA', '12602108', 'TETAP', 'H11', '01121999', 'TIDAK', 'ATLET', 'V149', 'images/peserta/1482806869-SURAYA BT. MOHD  RAMLI.jpg', 10),
(534, 'AZZURA BT. ABD. LATIF', '791023146082', '', 'WANITA', '1015963', 'TETAP', 'C22', '', 'TIDAK', 'ATLET', 'V150', 'images/peserta/1482807184-AZZURA BT. ABD. LATIF.jpg', 10),
(535, 'THURGALETCHUMI A/P SUPERAMANIAM', '870408065246', '', 'WANITA', '870408065246', 'TETAP', 'G29', '', 'YA', 'ATLET', 'V151', 'images/peserta/1482807240-THURGALETCHUMI A/P SUPERAMANIAM.jpg', 10),
(536, 'PESILI BIN MUHAMAD ZAIN', '670319035145', '0179663794', 'LELAKI', '11007044', 'TETAP', 'G29', '15052000', 'TIDAK', 'ATLET', 'N103', 'images/peserta/1482807368-PESILI BIN MUHAMAD ZAIN.JPG', 14),
(537, 'ZAINITA BT. MOHD NOOR', '760316055174', '', 'WANITA', '11010394', 'TETAP', 'G32', '20012002', 'TIDAK', 'ATLET', 'V152', 'images/peserta/1482807589-ZAINITA BT. MOHD NOOR.jpg', 10),
(538, 'AHMAD AZUAN BIN MUHAMAD', '840830035651', '0172486694', 'LELAKI', '14577027', 'TETAP', 'G32', '14112005', 'TIDAK', 'ATLET', 'N104', 'images/peserta/1482807994-AHMAD AZUAN BIN MUHAMAD.jpg', 14);
INSERT INTO `peserta` (`id`, `nama`, `nokp`, `notel`, `jantina`, `noPekerja`, `tarafJawatan`, `gredJawatan`, `tarikhLantikan`, `vege`, `role`, `noAtlet`, `photo`, `agensi_id`) VALUES
(539, 'NOR LIZA BT. JELANI', '820523105228', '', 'WANITA', '20084791', 'TETAP', 'GV29', '23072007', 'TIDAK', 'ATLET', 'V153', 'images/peserta/1482808849-NOR LIZA BT. JELANI.jpg', 10),
(540, 'MOHD HANIFF BIN OMAR', '860214295677', '', 'LELAKI', '2350', 'TETAP', 'JA29', '01102012', 'TIDAK', 'PENGURUS', 'K135', 'images/peserta/1482809057-MOHD HANIFF BIN OMAR.jpg', 2),
(541, 'SITI AZIZAH BT. MOHD SAMSUDIN', '810516016500', '', 'WANITA', '11012937', 'TETAP', 'GV29', '12082002', 'TIDAK', 'ATLET', 'V154', 'images/peserta/1482809142-SITI AZIZAH BT. MOHD SAMSUDIN.jpg', 10),
(542, 'MOHD HASFULAZWAN BIN MD ISHAK', '830319085767', '', 'LELAKI', '20290606', 'TETAP', 'H11', '01032010', 'TIDAK', 'ATLET', 'V155', 'images/peserta/1482809267-MOHD HASFULAZWAN BIN MD ISHAK.jpg', 10),
(543, 'ABDUL SUKOR BIN SHAHARUDIN', '850313145341', '', 'LELAKI', '20065195', 'TETAP', 'C29', '18072007', 'TIDAK', 'ATLET', 'V156', 'images/peserta/1482809377-ABDUL SUKOR BIN SHAHARUDIN.jpg', 10),
(544, 'SITI NORHAYATI BT. ISMAIL', '840923035724', '', 'WANITA', '20231153', 'TETAP', 'N19', '02072009', 'TIDAK', 'ATLET', 'V157', 'images/peserta/1482809548-SITI NORHAYATI BT. ISMAIL.bmp', 10),
(545, 'MOHD AIMAN BIN ABDULLAH', '951023115323', '0139033843', 'LELAKI', '21495383', 'KONTRAK', 'G29', '01082016', 'TIDAK', 'ATLET', 'N105', 'images/peserta/1482810194-MOHD AIMAN BIN ABDULLAH.jpg', 14),
(546, 'NORDIN BIN RAHMAT', '821127016637', '', 'LELAKI', '20090545', 'TETAP', 'H11', '24092007', 'TIDAK', 'ATLET', 'V158', 'images/peserta/1482810728-NORDIN BIN RAHMAT.jpg', 10),
(547, 'FAHAR SHAH BIN HAIR JOHARI', '820906146289', '', 'LELAKI', '20089229', 'TETAP', 'H11', '23102006', 'TIDAK', 'ATLET', 'V159', 'images/peserta/1482810808-FAHAR SHAH BIN HAIR JOHARI.jpg', 10),
(548, 'DR SYAMSIAH BT. ABDUL GHANI', '820612146144', '', 'WANITA', '20301944', 'TETAP', 'GV41', '17052010', 'TIDAK', 'ATLET', 'V160', 'images/peserta/1482810930-DR SYAMSIAH BT. ABDUL GHANI.jpg', 10),
(549, 'MOHD AFFANDI B. ISMAIL', '801031115231', '', 'LELAKI', '14578298', 'TETAP', 'G29', '06022006', 'TIDAK', 'PENGURUS', 'V161', 'images/peserta/1482812814-MOHD AFFANDI B. ISMAIL.jpg', 10),
(550, 'HAMZAH BIN HASSAN', '930515025639', '0134912388', 'LELAKI', '20539916', 'TETAP', 'G29', '06072015', 'TIDAK', 'ATLET', 'N106', 'images/peserta/1482820572-HAMZAH BIN HASSAN.jpg', 14),
(551, 'CHE ROSNANI BT. CHE MAT ', '620409035688', '', 'WANITA', '03374105', 'TETAP', 'G17', '01111981', 'TIDAK', 'ATLET', 'V160', 'images/peserta/1482822044-CHE ROSNANI BT. CHE MAT .jpg', 10),
(552, 'TERUIN SELVAM A/L PARAMCHOTEE', '800510146129', '', 'LELAKI', '800510146129', 'TETAP', 'H11', '01042008', 'YA', 'ATLET', 'V161', 'images/peserta/1482822113-TERUIN SELVAM A/L PARAMCHOTEE.jpg', 10);

-- --------------------------------------------------------

--
-- Table structure for table `transaksi`
--

CREATE TABLE `transaksi` (
  `id` int(10) UNSIGNED NOT NULL,
  `agensi_id` int(11) NOT NULL,
  `peserta_id` int(11) NOT NULL,
  `catatan` text COLLATE utf8_unicode_ci NOT NULL,
  `created_at` timestamp NULL DEFAULT NULL,
  `updated_at` timestamp NULL DEFAULT NULL
) ENGINE=InnoDB DEFAULT CHARSET=utf8 COLLATE=utf8_unicode_ci;

--
-- Dumping data for table `transaksi`
--

INSERT INTO `transaksi` (`id`, `agensi_id`, `peserta_id`, `catatan`, `created_at`, `updated_at`) VALUES
(1, 1, 107, 'KEMASKINI ABD GHANI BIN SAAD dari agensi LEMBAGA KEMAJUAN PERTANIAN MUDA.', '2016-12-26 19:55:17', '2016-12-26 19:55:17'),
(2, 1, 107, 'KEMASKINI ABD GHANI BIN SAAD dari agensi LEMBAGA KEMAJUAN PERTANIAN MUDA.', '2016-12-26 19:55:29', '2016-12-26 19:55:29'),
(3, 10, 548, 'PENDAFTARAN DR SYAMSIAH BT. ABDUL GHANI dari agensi JABATAN PERKHIDMATAN VETERINAR.', '2016-12-26 19:55:31', '2016-12-26 19:55:31'),
(4, 10, 539, 'KEMASKINI NOR LIZA BT. JELANI dari agensi JABATAN PERKHIDMATAN VETERINAR.', '2016-12-26 20:06:00', '2016-12-26 20:06:00'),
(5, 10, 541, 'KEMASKINI SITI AZIZAH BT. MOHD SAMSUDIN dari agensi JABATAN PERKHIDMATAN VETERINAR.', '2016-12-26 20:06:45', '2016-12-26 20:06:45'),
(6, 10, 542, 'KEMASKINI MOHD HASFULAZWAN BIN MD ISHAK dari agensi JABATAN PERKHIDMATAN VETERINAR.', '2016-12-26 20:07:25', '2016-12-26 20:07:25'),
(7, 10, 543, 'KEMASKINI ABDUL SUKOR BIN SHAHARUDIN dari agensi JABATAN PERKHIDMATAN VETERINAR.', '2016-12-26 20:08:11', '2016-12-26 20:08:11'),
(8, 10, 548, 'KEMASKINI DR SYAMSIAH BT. ABDUL GHANI dari agensi JABATAN PERKHIDMATAN VETERINAR.', '2016-12-26 20:09:03', '2016-12-26 20:09:03'),
(9, 10, 547, 'KEMASKINI FAHAR SHAH BIN HAIR JOHARI dari agensi JABATAN PERKHIDMATAN VETERINAR.', '2016-12-26 20:09:57', '2016-12-26 20:09:57'),
(10, 10, 546, 'KEMASKINI NORDIN BIN RAHMAT dari agensi JABATAN PERKHIDMATAN VETERINAR.', '2016-12-26 20:10:34', '2016-12-26 20:10:34'),
(11, 10, 544, 'KEMASKINI SITI NORHAYATI BT. ISMAIL dari agensi JABATAN PERKHIDMATAN VETERINAR.', '2016-12-26 20:11:20', '2016-12-26 20:11:20'),
(12, 10, 335, 'KEMASKINI MOHD FAIZOL NIZAM B. JUSOH dari agensi JABATAN PERKHIDMATAN VETERINAR.', '2016-12-26 20:13:44', '2016-12-26 20:13:44'),
(13, 10, 528, 'KEMASKINI MOHD NASARUDDIN B. SALLEH dari agensi JABATAN PERKHIDMATAN VETERINAR.', '2016-12-26 20:23:15', '2016-12-26 20:23:15'),
(14, 10, 549, 'PENDAFTARAN MOHD AFFANDI B. ISMAIL dari agensi JABATAN PERKHIDMATAN VETERINAR.', '2016-12-26 20:26:54', '2016-12-26 20:26:54'),
(15, 10, 325, 'KEMASKINI ZULKHAIRUL B. AB. RAHMAN dari agensi JABATAN PERKHIDMATAN VETERINAR.', '2016-12-26 20:28:58', '2016-12-26 20:28:58'),
(16, 10, 526, 'KEMASKINI DATO'' MOHAMED RADZUAN B. MALIK dari agensi JABATAN PERKHIDMATAN VETERINAR.', '2016-12-26 22:09:16', '2016-12-26 22:09:16'),
(17, 10, 352, 'KEMASKINI ABDUL MUIS B. MAT PIAH dari agensi JABATAN PERKHIDMATAN VETERINAR.', '2016-12-26 22:17:41', '2016-12-26 22:17:41'),
(18, 10, 307, 'KEMASKINI ABD.ZAMRI B. ABD. KHANI dari agensi JABATAN PERKHIDMATAN VETERINAR.', '2016-12-26 22:18:10', '2016-12-26 22:18:10'),
(19, 10, 485, 'KEMASKINI HAWA BT. A. GHANI dari agensi JABATAN PERKHIDMATAN VETERINAR.', '2016-12-26 22:19:36', '2016-12-26 22:19:36'),
(20, 10, 493, 'KEMASKINI AMAL SOLEHAH BT. AB. AZIZ dari agensi JABATAN PERKHIDMATAN VETERINAR.', '2016-12-26 22:19:57', '2016-12-26 22:19:57'),
(21, 14, 550, 'PENDAFTARAN HAMZAH BIN HASSAN dari agensi MAQIS.', '2016-12-26 22:32:06', '2016-12-26 22:32:06'),
(22, 14, 550, 'KEMASKINI HAMZAH BIN HASSAN dari agensi MAQIS.', '2016-12-26 22:36:13', '2016-12-26 22:36:13'),
(23, 10, 551, 'PENDAFTARAN CHE ROSNANI BT. CHE MAT  dari agensi JABATAN PERKHIDMATAN VETERINAR.', '2016-12-26 23:00:44', '2016-12-26 23:00:44'),
(24, 10, 552, 'PENDAFTARAN TERUIN SELVAM A/L PARAMCHOTEE dari agensi JABATAN PERKHIDMATAN VETERINAR.', '2016-12-26 23:01:53', '2016-12-26 23:01:53');

-- --------------------------------------------------------

--
-- Table structure for table `users`
--

CREATE TABLE `users` (
  `id` int(10) UNSIGNED NOT NULL,
  `name` varchar(255) COLLATE utf8_unicode_ci NOT NULL,
  `email` varchar(255) COLLATE utf8_unicode_ci NOT NULL,
  `password` varchar(255) COLLATE utf8_unicode_ci NOT NULL,
  `agensi_id` varchar(255) COLLATE utf8_unicode_ci NOT NULL,
  `status` int(11) NOT NULL,
  `remember_token` varchar(100) COLLATE utf8_unicode_ci DEFAULT NULL,
  `created_at` timestamp NULL DEFAULT NULL,
  `updated_at` timestamp NULL DEFAULT NULL
) ENGINE=InnoDB DEFAULT CHARSET=utf8 COLLATE=utf8_unicode_ci;

--
-- Dumping data for table `users`
--

INSERT INTO `users` (`id`, `name`, `email`, `password`, `agensi_id`, `status`, `remember_token`, `created_at`, `updated_at`) VALUES
(1, 'SUHAIRI', 'suhairi81@gmail.com', '$2y$10$qC2WcWrJq4SCAcAmbPCvOOaDVNetS0uCPCIUsXBdqZbiD2xWgdaKW', '1', 1, '56zDlbbf28yY40kqSW94qLo4KwNvQWL0hnzd1BWkdXq84iYG1m5m9UWK7RiJ', '2016-12-13 20:46:44', '2016-12-26 23:11:11'),
(2, 'LEMBAGA KEMAJUAN PERTANIAN MUDA', 'admin@mada.gov.my', '$2y$10$mJ5EO7R65R8eUE8YMbSyTeJTG/cSSM.grIawnW1op804FyUNJVo7a', '1', 1, 'q8uip2FBUi0xAmPflZkRwIgri4dPovg1NHnhZ6fW79Gwv2jP6qZcb5jvzVUm', '2016-12-13 20:46:44', '2016-12-26 22:55:41'),
(3, 'LEMBAGA KEMAJUAN PERTANIAN KEMUBU', 'admin@kada.gov.my', '$2y$10$2uzh6lQ1maowc/d.8X6M5OPoGKvWgRGDLWIfGh5BtlCvwFmeMCLtu', '2', 1, '9f53GgRJWi3OxRlsFz8uVWiGL0MAXUfxHlX7etdwghG3qFZw4NbfMJRIVdN5', '2016-12-13 20:46:44', '2016-12-21 18:02:34'),
(4, 'MARDI', 'admin@mardi.gov.my', '$2y$10$Z6rWAYQWID.GFLS9qXh5JeD.sYoEWqPnBfWezz8fRncKi7VYZvpPO', '3', 1, NULL, '2016-12-13 20:46:45', '2016-12-13 20:46:45'),
(5, 'JABATAN PERTANIAN', 'admin@doa.gov.my', '$2y$10$ioMAVs9SH2gjGjMrY1M8cOc7YWBGVQPcO8eT4idTiv.pV3QAE9ppq', '4', 1, 'zeOp7tMydQaIozao3gTcAiCj3xBFGDp4qpro1b7uMiHhrw16R7FCKOKKQLNB', '2016-12-13 20:46:45', '2016-12-26 23:08:06'),
(6, 'JABATAN PERIKANAN', 'admin@dof.gov.my', '$2y$10$9u7mKkTxYCzqT/e0mWkieucxwFCLWFZwz4ZBk8bWQYVEalHtfN5GS', '5', 1, NULL, '2016-12-13 20:46:45', '2016-12-13 20:46:45'),
(7, 'FAMA', 'admin@fama.gov.my', '$2y$10$zpEX30.peKjCW2BBy8fJhuPIWglaM4dhTmo8rIokCiSgb66R3RU4a', '6', 1, 'CbYjiCc08Ibe86B5HtUgsxZRfuJeLs9M5ZqoA0NTNOxhrhWETfVPanHnzjZp', '2016-12-13 20:46:45', '2016-12-19 22:19:34'),
(8, 'LKIM', 'admin@lkim.gov.my', '$2y$10$1PZ8iAlpxkYQSbUIBk3l2.FT08vsAG6Ml76ahLoUOJBT5YkGsuQni', '7', 1, NULL, '2016-12-13 20:46:45', '2016-12-13 20:46:45'),
(9, 'LEMBAGA PERTUBUHAN PELADANG', 'admin@lpp.gov.my', '$2y$10$IEieAbxThmtWwJHPHr7iCeaz018PtQ6mZ559q9V6Hj.uiHAKtYyES', '8', 1, NULL, '2016-12-13 20:46:46', '2016-12-13 20:46:46'),
(10, 'TEKUN', 'admin@tekun.gov.my', '$2y$10$K36TSGQoQOWmCzt3x/6zpOWryPX7BFFDCE6HDE2G8TPwxARbE0oDO', '9', 1, NULL, '2016-12-13 20:46:46', '2016-12-13 20:46:46'),
(11, 'JABATAN VETERINAR', 'admin@dvs.gov.my', '$2y$10$tfcFQ5SIEKpYVeEliVLMweT/vm1ZKajJw6ZFcsayHl/zH/PJ/n0Bm', '10', 1, 'SMq9n9kxUzRMDJv5EgHaiqMZAoD7fQELjqrpDxuyon2f13lupHdgm1NDS1wO', '2016-12-13 20:46:46', '2016-12-26 23:12:32'),
(12, 'AGRO BANK', 'admin@agrobank.gov.my', '$2y$10$zt5UpZJ4yNBxQ/OGwmGaGOTVQBhUE1gqYAKbSr0XxqZMX1f7rktnO', '11', 1, NULL, '2016-12-13 20:46:46', '2016-12-13 20:46:46'),
(13, 'KEMENTERIAN PERTANIAN MALAYSIA', 'admin@moa.gov.my', '$2y$10$yFyZXJEmV3Pinx8/QxVsheSCunBgilXsIr80RzoCrVcSamBVXN43K', '12', 1, NULL, '2016-12-13 20:46:46', '2016-12-13 20:46:46'),
(14, 'LEMBAGA PERINDUSTRIAN NANAS', 'admin@mpib.gov.my', '$2y$10$p/9En.FWSfvOZ6zLRKsWmuFwSjkvQzILIy4e0vSIXsIzfTJ6ykqoy', '13', 1, NULL, '2016-12-13 20:46:47', '2016-12-13 20:46:47'),
(15, 'MAQIS', 'admin@maqis.gov.my', '$2y$10$oAu.40XlLMKPENMyHKAPBOycRL4ZqPMrjP6MrtjYlF.KqdLCP0256', '14', 1, 'v6EJwmVFQW0wSMP3anm04SxyelhuAMPcaX9oc08a86sugI2o7HOUbv0SB6pb', '2016-12-13 20:46:47', '2016-12-26 23:08:17');

--
-- Indexes for dumped tables
--

--
-- Indexes for table `acara`
--
ALTER TABLE `acara`
  ADD PRIMARY KEY (`id`);

--
-- Indexes for table `acara_peserta`
--
ALTER TABLE `acara_peserta`
  ADD PRIMARY KEY (`id`),
  ADD KEY `acara_peserta_acara_id_index` (`acara_id`),
  ADD KEY `acara_peserta_peserta_id_index` (`peserta_id`);

--
-- Indexes for table `agensi`
--
ALTER TABLE `agensi`
  ADD PRIMARY KEY (`id`);

--
-- Indexes for table `kontinjens`
--
ALTER TABLE `kontinjens`
  ADD PRIMARY KEY (`id`);

--
-- Indexes for table `migrations`
--
ALTER TABLE `migrations`
  ADD PRIMARY KEY (`id`);

--
-- Indexes for table `password_resets`
--
ALTER TABLE `password_resets`
  ADD KEY `password_resets_email_index` (`email`),
  ADD KEY `password_resets_token_index` (`token`);

--
-- Indexes for table `pengesahan`
--
ALTER TABLE `pengesahan`
  ADD PRIMARY KEY (`id`);

--
-- Indexes for table `peserta`
--
ALTER TABLE `peserta`
  ADD PRIMARY KEY (`id`);

--
-- Indexes for table `transaksi`
--
ALTER TABLE `transaksi`
  ADD PRIMARY KEY (`id`);

--
-- Indexes for table `users`
--
ALTER TABLE `users`
  ADD PRIMARY KEY (`id`),
  ADD UNIQUE KEY `users_email_unique` (`email`);

--
-- AUTO_INCREMENT for dumped tables
--

--
-- AUTO_INCREMENT for table `acara`
--
ALTER TABLE `acara`
  MODIFY `id` int(10) UNSIGNED NOT NULL AUTO_INCREMENT, AUTO_INCREMENT=22;
--
-- AUTO_INCREMENT for table `acara_peserta`
--
ALTER TABLE `acara_peserta`
  MODIFY `id` int(10) UNSIGNED NOT NULL AUTO_INCREMENT, AUTO_INCREMENT=849;
--
-- AUTO_INCREMENT for table `agensi`
--
ALTER TABLE `agensi`
  MODIFY `id` int(10) UNSIGNED NOT NULL AUTO_INCREMENT, AUTO_INCREMENT=15;
--
-- AUTO_INCREMENT for table `kontinjens`
--
ALTER TABLE `kontinjens`
  MODIFY `id` int(10) UNSIGNED NOT NULL AUTO_INCREMENT, AUTO_INCREMENT=17;
--
-- AUTO_INCREMENT for table `migrations`
--
ALTER TABLE `migrations`
  MODIFY `id` int(10) UNSIGNED NOT NULL AUTO_INCREMENT, AUTO_INCREMENT=49;
--
-- AUTO_INCREMENT for table `pengesahan`
--
ALTER TABLE `pengesahan`
  MODIFY `id` int(10) UNSIGNED NOT NULL AUTO_INCREMENT, AUTO_INCREMENT=15;
--
-- AUTO_INCREMENT for table `peserta`
--
ALTER TABLE `peserta`
  MODIFY `id` int(10) UNSIGNED NOT NULL AUTO_INCREMENT, AUTO_INCREMENT=553;
--
-- AUTO_INCREMENT for table `transaksi`
--
ALTER TABLE `transaksi`
  MODIFY `id` int(10) UNSIGNED NOT NULL AUTO_INCREMENT, AUTO_INCREMENT=25;
--
-- AUTO_INCREMENT for table `users`
--
ALTER TABLE `users`
  MODIFY `id` int(10) UNSIGNED NOT NULL AUTO_INCREMENT, AUTO_INCREMENT=16;
--
-- Constraints for dumped tables
--

--
-- Constraints for table `acara_peserta`
--
ALTER TABLE `acara_peserta`
  ADD CONSTRAINT `acara_peserta_acara_id_foreign` FOREIGN KEY (`acara_id`) REFERENCES `acara` (`id`) ON DELETE CASCADE,
  ADD CONSTRAINT `acara_peserta_peserta_id_foreign` FOREIGN KEY (`peserta_id`) REFERENCES `peserta` (`id`) ON DELETE CASCADE;

/*!40101 SET CHARACTER_SET_CLIENT=@OLD_CHARACTER_SET_CLIENT */;
/*!40101 SET CHARACTER_SET_RESULTS=@OLD_CHARACTER_SET_RESULTS */;
/*!40101 SET COLLATION_CONNECTION=@OLD_COLLATION_CONNECTION */;
